title,description,imageUrl,price
"FRYE Men's Logan Overnight Duffle Bag, Dark Brown, One Size",Rated 4.5/5 from 47 Amazon shopper reviews.,https://m.media-amazon.com/images/I/91LXrLnOEeL._AC_SL1500_.jpg,597.95
"FRYE Men's Logan Messenger Bag, Cognac, One Size",Rated 4.1/5 from 59 Amazon shopper reviews.,https://m.media-amazon.com/images/I/71Vw1E9M63L._AC_SL1500_.jpg,498.00
"FRYE Men's Logan Top Handle Messenger Bag, Dark Brown, One Size",Rated 4.5/5 from 40 Amazon shopper reviews.,https://m.media-amazon.com/images/I/91xZ4bafplL._AC_SL1500_.jpg,412.00
"Kenneth Cole Reaction Manhattan Colombian Leather Briefcase Expandable RFID 15.6"" Laptop Portfolio Shoulder Bag, Cognac, One Size",Rated 4.6/5 from 577 Amazon shopper reviews.,https://m.media-amazon.com/images/I/816pfI5J+gL._AC_SL1500_.jpg,249.99
Michael Kors Men's Copper MK Logo Backpack Black,Rated 5/5 from 57 Amazon shopper reviews.,https://m.media-amazon.com/images/I/61+ByvTr0nL._AC_SL1001_.jpg,230.50
"Michael Kors Jet Set Travel Large Saffiano Messenger Bag, Blossom",Rated 1/5 from 1 Amazon shopper reviews.,https://m.media-amazon.com/images/I/61PQaSGdTAL._AC_UL1000_.jpg,214.00
Calvin Klein Kiara Signature Messenger Bag,Rated 4.7/5 from 4 Amazon shopper reviews.,https://m.media-amazon.com/images/I/81MGCwzj9XL._AC_UL1500_.jpg,209.15
Fossil Men's Leather Messenger Briefcase Work Laptop Bag,Rated 4.7/5 from 21 Amazon shopper reviews.,https://m.media-amazon.com/images/I/71uC6uIlcRL._AC_UL1500_.jpg,200.81
Coach Houston Flight/Messenger Bag Smythe Leather (Black),Rated 4.6/5 from 236 Amazon shopper reviews.,https://m.media-amazon.com/images/I/61OHkVSMNbL._AC_UL1001_.jpg,190.12
Coach Houston Map Signature Messenger Bag - #573 - Charcoal/Black,Rated 4.1/5 from 40 Amazon shopper reviews.,https://m.media-amazon.com/images/I/51SN6j0qnvL._AC_SL1136_.jpg,185.56
"Fossil Men's Haskell Leather Double Zip Briefcase Messenger Laptop Bag, Black , (Model: MBG9342001)",Rated 4.5/5 from 171 Amazon shopper reviews.,https://m.media-amazon.com/images/I/81-kYffsixL._AC_SL1500_.jpg,178.50
"Oakley Men's Voyage 27L Backpack, Peacoat, One Size",Rated 4.6/5 from 9 Amazon shopper reviews.,https://m.media-amazon.com/images/I/91OYds-dRqL._AC_SL1500_.jpg,175.00
Coach Men's Houston Flight Bag in Signature Leather,Rated 4.5/5 from 99 Amazon shopper reviews.,https://m.media-amazon.com/images/I/71h5zY9ooRL._AC_UL1500_.jpg,167.02
Coach Men's Houston Flight Bag In Signature Canvas,Rated 4.7/5 from 86 Amazon shopper reviews.,https://m.media-amazon.com/images/I/71xtFFz0CNL._AC_UL1500_.jpg,157.68
"Oakley Men's Utility Organizing Backpacks,One Size,Blackout",Rated 4.6/5 from 150 Amazon shopper reviews.,https://m.media-amazon.com/images/I/91J8q9H50hL._AC_SL1500_.jpg,149.99
Michael Kors Men's Medium Crossbody Leather Cooper Flight Bag,Rated 4.4/5 from 26 Amazon shopper reviews.,https://m.media-amazon.com/images/I/91+0cu3FEsL._AC_UL1500_.jpg,137.97
Oakley Men's Outdoor Duffle Bag,Rated 4.6/5 from 51 Amazon shopper reviews.,https://m.media-amazon.com/images/I/71haoLm+EwL._AC_UL1500_.jpg,129.99
"Vera Bradley Messenger Bag, Iconic",Rated 4.4/5 from 9 Amazon shopper reviews.,https://m.media-amazon.com/images/I/71f0cxweAhL._AC_UL1500_.jpg,128.00
"Lacoste mens Solid Large Zip Backpacks, Peacoat, One Size US",Rated 4.7/5 from 152 Amazon shopper reviews.,https://m.media-amazon.com/images/I/A1OiSyIGZ2L._AC_SL1500_.jpg,117.99
"Oakley Men's Utility Cube Backpacks,One Size,Dark Blue",Rated 4.4/5 from 9 Amazon shopper reviews.,https://m.media-amazon.com/images/I/91tlfx6PgpL._AC_SL1500_.jpg,108.00
"Oakley Men's Voyage 23L Roll Top Backpack, Black Multicam, One Size",Rated 4.6/5 from 88 Amazon shopper reviews.,https://m.media-amazon.com/images/I/A1FybPkyWjL._AC_SL1500_.jpg,100.95
Tommy Hilfiger Men's Leo Messenger Bag,Rated 4.7/5 from 47 Amazon shopper reviews.,https://m.media-amazon.com/images/I/91XzgqUSvNL._AC_UL1500_.jpg,93.99
"Oakley Men's Enduro 2.0 30L Backpack, Core Camo","Rated 4.6/5 from 2,015 Amazon shopper reviews.",https://m.media-amazon.com/images/I/A1uj7ZX942L._AC_SL1500_.jpg,80.99
"Oakley Men's Outdoor Backpacks,One Size,Brick",Rated 4.7/5 from 81 Amazon shopper reviews.,https://m.media-amazon.com/images/I/81S6nZFNyAL._AC_SL1500_.jpg,74.99
Tommy Hilfiger Leo Briefcase,Rated 4.6/5 from 95 Amazon shopper reviews.,https://m.media-amazon.com/images/I/91LoHbuSzkL._AC_UL1500_.jpg,74.00
Oakley Street Messenger Bag,Rated 4.6/5 from 73 Amazon shopper reviews.,https://m.media-amazon.com/images/I/91jB-QTYvDL._AC_UL1500_.jpg,69.95
Tommy Hilfiger Men's Patriot Colorblock Canvas Backpack,Rated 4.5/5 from 624 Amazon shopper reviews.,https://m.media-amazon.com/images/I/81eZa2W7tCL._AC_UL1500_.jpg,64.50
Tommy Hilfiger Men's Patriot Colorblock Duffle Bag,Rated 4.7/5 from 657 Amazon shopper reviews.,https://m.media-amazon.com/images/I/A1OEwTGoa-L._AC_UL1500_.jpg,64.50
Lacoste Men's Neocroc Small Backpack,Rated 4.2/5 from 82 Amazon shopper reviews.,https://m.media-amazon.com/images/I/91byNQQRADL._AC_UL1500_.jpg,60.00
"Oakley Men's Packable Backpack, Foggy Blue, U",Rated 4.4/5 from 10 Amazon shopper reviews.,https://m.media-amazon.com/images/I/61-voVUI6KL._AC_SL1200_.jpg,59.99
Oakley Men's Holbrook 30l Duffel,Rated 4.3/5 from 25 Amazon shopper reviews.,https://m.media-amazon.com/images/I/91b93kPOTRL._AC_UL1500_.jpg,59.99
"Oakley Men's Enduro 3.0 20L Backpack, Blackout",Rated 4.7/5 from 852 Amazon shopper reviews.,https://m.media-amazon.com/images/I/91y76Wtx9aL._AC_SL1500_.jpg,55.00
"Oakley Men's Street Backpack, Core Camo, One Size",Rated 4.6/5 from 297 Amazon shopper reviews.,https://m.media-amazon.com/images/I/91ViXlJ-oRL._AC_SL1500_.jpg,54.99
"Oakley Men's Crestible Enduro 25L Backpack, Blackout, One Size",Rated 4.7/5 from 35 Amazon shopper reviews.,https://m.media-amazon.com/images/I/71HMSAt12aL._AC_SL1333_.jpg,52.67
Oakley Men's Street Belt Bag,Rated 4.6/5 from 230 Amazon shopper reviews.,https://m.media-amazon.com/images/I/91nH12YKtiL._AC_UL1500_.jpg,46.95
"Tommy Hilfiger Men's Devon Duffle Bag, Sky Captain, OS",Rated 4.5/5 from 10 Amazon shopper reviews.,https://m.media-amazon.com/images/I/91ZUunleniS._AC_UL1500_.jpg,46.01
"WDBBY 80L Outdoor Backpack Travel Bag Men's Hiking Backpack Rucksack Sports Bag Mountaineering Bag (Color : Black, Size",Rated 1/5 from 1 Amazon shopper reviews.,https://m.media-amazon.com/images/I/4154twJCJsL._AC_SL1024_.jpg,1317.68
Maxwell Scott | Mens Luxury Leather 2 Section Large Briefcase | The Tomacelli2 | Classic Business Laptop Handbag,Rated 4.8/5 from 5 Amazon shopper reviews.,https://m.media-amazon.com/images/I/61yElb9S4PL._AC_UL1200_.jpg,951.00
Maxwell Scott | Mens Luxury Leather 2 Section Large Briefcase | The Alanzo | Classic Business Travel Laptop Bag,Rated 4.7/5 from 4 Amazon shopper reviews.,https://m.media-amazon.com/images/I/61jETwxV56L._AC_UL1200_.jpg,909.00
Moore and Giles Men's Leather Benedict Weekend Bag - Titan Milled Brown,Rated 4.6/5 from 3 Amazon shopper reviews.,https://m.media-amazon.com/images/I/71DMFuYPD4L._AC_UL1005_.jpg,860.00
Maxwell Scott | Mens Luxury Quality Leather Business Briefcase | The Lagaro | Classic Laptop Travel Bag,Rated 5/5 from 6 Amazon shopper reviews.,https://m.media-amazon.com/images/I/519zaNKenLL._AC_UL1200_.jpg,777.00
Bosca Old Leather Collection Partners Briefcase (Dark Brown),Rated 2/5 from 3 Amazon shopper reviews.,https://m.media-amazon.com/images/I/61c110GochL._AC_SL1422_.jpg,745.00
Maxwell Scott | Mens Luxury Leather 2 Section Executive Briefcase | The Basilio | Classic Business Lawyers Bag,Rated 5/5 from 2 Amazon shopper reviews.,https://m.media-amazon.com/images/I/61GKfWdHZzL._AC_UL1200_.jpg,741.00
Bosca Men's Dolce Collection Flapover Briefcase (Amber),Rated 5/5 from 2 Amazon shopper reviews.,https://m.media-amazon.com/images/I/61oTBLWD2iL._AC_SL1422_.jpg,725.00
Old Leather Laptop Briefcase Color: Dark Brown,Rated 5/5 from 2 Amazon shopper reviews.,https://m.media-amazon.com/images/I/31lxng0tr8L._AC_.jpg,650.00
Maxwell Scott | Mens Luxury Quality Leather Slim Meeting Briefcase | The Lorenzo | Classic Laptop Business Bag,Rated 2.7/5 from 8 Amazon shopper reviews.,https://m.media-amazon.com/images/I/71LEkOMYQ-L._AC_UL1200_.jpg,614.00
"Blake’s 10K Solid Yellow Gold Ring for Men with 6 Diamond Accents and Center Square Princess Cut Emerald, Ruby, Sapphire Gemstone Options, Clutch Ring, Gifts for Him, Men’s Fine Jewelry (Size 5-15)",Rated 3/5 from 1 Amazon shopper reviews.,https://m.media-amazon.com/images/I/61WLt7aJrWL._AC_UL1500_.jpg,599.00
"TUMI Men's Alpha Bravo Search Backpack, Navy, Blue, One Size",Rated 4.8/5 from 39 Amazon shopper reviews.,https://m.media-amazon.com/images/I/81V5Vj8HFUL._AC_SL1500_.jpg,595.00
"Aleon 16"" Aluminum Vertical Underseat Carry-On Luggage or Business Briefcase",Rated 4.5/5 from 9 Amazon shopper reviews.,https://m.media-amazon.com/images/I/31Lpc4YFhVL._AC_.jpg,539.00
"N/A Men Large Capacity PU Leather Sports Bag Waterproof Gym Fitness Sport Bags Travel Shoulder Handbag Male (Color : B, Size : As Shown)",Rated 1/5 from 1 Amazon shopper reviews.,https://m.media-amazon.com/images/I/51hmrHnjqWL._AC_SL1024_.jpg,493.38
"Deakin and Francis Men's Sterling Silver Golf Bag Cufflinks, Blue",Rated 4.5/5 from 2 Amazon shopper reviews.,https://m.media-amazon.com/images/I/61Fq0ykKUJL._AC_UL1010_.jpg,450.00
Jack Georges Elements Triple Gusset Flap Over Briefcase #4403 (Black),Rated 4.8/5 from 7 Amazon shopper reviews.,https://m.media-amazon.com/images/I/41NW0GHVPKL._AC_.jpg,450.00
"Barbour Men's Wax Holdall Bag, Olive, Green, Black, One Size",Rated 4.1/5 from 4 Amazon shopper reviews.,https://m.media-amazon.com/images/I/61+caIap8tL._AC_UL1440_.jpg,443.21
Floto Novella Roller Buckle Briefcase Messenger Bag in Olive Brown Full Grain Leather,Rated 4.8/5 from 12 Amazon shopper reviews.,https://m.media-amazon.com/images/I/71HHXwCyLIL._AC_UL1024_.jpg,398.65
"Time Resistance Leather Doctor Bag, Leather Medical Bag,Vintage style Doctor Bag, Leather Briefcase",Rated 4.5/5 from 209 Amazon shopper reviews.,https://m.media-amazon.com/images/I/91GVW4LmymL._AC_UL1500_.jpg,381.00
Floto Novella Roller Buckle Briefcase Messenger Bag in Full Grain Leather,Rated 4.1/5 from 20 Amazon shopper reviews.,https://m.media-amazon.com/images/I/71NhVm4d+3L._AC_UL1024_.jpg,375.20
Voyager Full-Size Messenger Bag #7315,Rated 5/5 from 5 Amazon shopper reviews.,https://m.media-amazon.com/images/I/615vOumhpBL._AC_UL1000_.jpg,375.00
Jack Georges Voyager Slim Zippered Briefcase #7320 (Brown),Rated 5/5 from 4 Amazon shopper reviews.,https://m.media-amazon.com/images/I/61Xuood4D3L._AC_SL1000_.jpg,375.00
"Executive Leather Computer Briefcase (Saddle) (13""H x 18''W x 9""D)",Rated 5/5 from 3 Amazon shopper reviews.,https://m.media-amazon.com/images/I/71F3Cbt1lCL._AC_SL1001_.jpg,369.88
Jack Georges Elements Slim Briefcase #4501 (Brown),Rated 4/5 from 2 Amazon shopper reviews.,https://m.media-amazon.com/images/I/61+iDNGAQ+L._AC_SL1000_.jpg,350.00
Tony Perotti Bella Russo Men's Italian Leather Messenger Bags - Triple Compartment Briefcases for Men - Tanned Leather,Rated 4.6/5 from 6 Amazon shopper reviews.,https://m.media-amazon.com/images/I/81+p2bPf4jL._AC_UL1500_.jpg,349.97
ONA - The Prince Street - Camera Messenger Bag - Field Tan Waxed Canvas (ONA5-024RT),Rated 4.3/5 from 11 Amazon shopper reviews.,https://m.media-amazon.com/images/I/51r-SpHsA3L._AC_.jpg,339.00
"Cote & Ciel Men's Isar Ecoyarn Medium Backpack, Black, One Size",Rated 4.2/5 from 7 Amazon shopper reviews.,https://m.media-amazon.com/images/I/71vXZF6hPcL._AC_UL1500_.jpg,325.00
Osprey Farpoint Trek 75 Men's Travel Backpack,Rated 4.7/5 from 76 Amazon shopper reviews.,https://m.media-amazon.com/images/I/51Pe-lDaU+L._AC_SL1000_.jpg,310.00
Osprey Atmos AG 65 Men's Backpacking Backpack,"Rated 4.9/5 from 1,447 Amazon shopper reviews.",https://m.media-amazon.com/images/I/51Y4ouCdmRL._AC_SL1000_.jpg,300.69
"Baggizmo, crossbody sling bag for men, Italian Nappa Leather NFC smart tech, designer, body hugging, Security and high capacity functionality, for sport and casual wear (Black Lefty)",Rated 4.1/5 from 4 Amazon shopper reviews.,https://m.media-amazon.com/images/I/71kExasMzhL._AC_SL1500_.jpg,299.99
Cenzo Leather Doctor Style Briefcase Bag,Rated 4.4/5 from 13 Amazon shopper reviews.,https://m.media-amazon.com/images/I/71PsfrXtgyL._AC_UL1500_.jpg,299.00
"Clava Vachetta Legal Leather 15"" Laptop Briefcase, Computer Bag",Rated 4/5 from 1 Amazon shopper reviews.,https://m.media-amazon.com/images/I/51dXGmWEG9L._AC_UL1001_.jpg,289.99
"Latico Leathers Men's Las Vegas Weekender Top Zip Duffel, 100% Genuine Authentic Luxury Leather, Designer Fashion, Top Quality Leather",Rated 2.2/5 from 3 Amazon shopper reviews.,https://m.media-amazon.com/images/I/81dwiaEFqkL._AC_UL1500_.jpg,280.00
"Claire Chase Executive Computer Briefcase, Black, One Size",Rated 3.5/5 from 33 Amazon shopper reviews.,https://m.media-amazon.com/images/I/81NRXf+EK7L._AC_SL1500_.jpg,278.35
"Claire Chase Lawyer's Briefcase, Cafe, One Size",Rated 3/5 from 2 Amazon shopper reviews.,https://m.media-amazon.com/images/I/81U92EdeEKL._AC_SL1500_.jpg,269.88
Cenzo Italian Leather Briefcase Attache,Rated 3.6/5 from 60 Amazon shopper reviews.,https://m.media-amazon.com/images/I/71bDL7fcoXL._AC_SL1500_.jpg,269.00
Floto Poste Messenger Bag in Saddle Brown Calfskin Leather,Rated 3.7/5 from 9 Amazon shopper reviews.,https://m.media-amazon.com/images/I/81yrAr5Zt8L._AC_SL1500_.jpg,261.75
"Floto Luggage Piazza Messenger Bag, Brown, One Size",Rated 3.5/5 from 76 Amazon shopper reviews.,https://m.media-amazon.com/images/I/91u58jBCW5L._AC_SL1500_.jpg,261.48
Osprey Levity 45 Men's Ultralight Backpacking Backpack,Rated 4.2/5 from 53 Amazon shopper reviews.,https://m.media-amazon.com/images/I/61YcdZ5HjTL._AC_SL1000_.jpg,259.56
"Latico Leathers Heritage Laptop Merger Briefcase, 100% Genuine Authentic Luxury Leather, Designer Fashion, For Office or Travel",Rated 3.3/5 from 32 Amazon shopper reviews.,https://m.media-amazon.com/images/I/91WvO5EVvnL._AC_UL1500_.jpg,250.00
BRASS TACKS Leathercraft Men's Genuine Leather Utility Classic Doctor Duffel Weekend Work Bag w/Shoulder Strap,Rated 4.1/5 from 27 Amazon shopper reviews.,https://m.media-amazon.com/images/I/81U4UhNkrAL._AC_UL1500_.jpg,239.99
"Think Tank Messenger Bag, Black (Black), 75 Centimeters",Rated 4.4/5 from 137 Amazon shopper reviews.,https://m.media-amazon.com/images/I/811Fvg4x2wL._AC_SL1500_.jpg,239.00
Cenzo Italian Leather Laptop Briefcase Bag in Brown Calfskin,Rated 4.1/5 from 12 Amazon shopper reviews.,https://m.media-amazon.com/images/I/91RjNul8NpL._AC_SL1500_.jpg,239.00
Time Resistance Leather Briefcase Bag Slim Laptop Messenger Black Unisex,Rated 4.2/5 from 36 Amazon shopper reviews.,https://m.media-amazon.com/images/I/91npxY3pKNL._AC_SL1500_.jpg,237.00
"Mystery Ranch Men's Backpack, Hummus, L/XL",Rated 4.8/5 from 27 Amazon shopper reviews.,https://m.media-amazon.com/images/I/91bNgncqIRL._AC_SL1500_.jpg,229.00
"Claire Chase Slimline Executive Briefcase, Saddle, One Size",Rated 4.7/5 from 7 Amazon shopper reviews.,https://m.media-amazon.com/images/I/81ZrlYCoSGL._AC_SL1500_.jpg,224.51
"Filson Men's Dryden Backpack, Otter Green, One Size",Rated 4.6/5 from 60 Amazon shopper reviews.,https://m.media-amazon.com/images/I/81D6rw2AwrL._AC_SL1500_.jpg,223.99
Polare 23'' Expandable to 28'' Full Grain Cowhide Leather Vintage Duffle Weekender Overnight Travel Duffel Bag For Men,Rated 4.4/5 from 34 Amazon shopper reviews.,https://m.media-amazon.com/images/I/71zknFKAxNL._AC_SL1500_.jpg,219.99
"David King & Co. Wheeled Briefcase, Tan, One Size",Rated 3.5/5 from 6 Amazon shopper reviews.,https://m.media-amazon.com/images/I/4149DGsjsBL._AC_.jpg,209.04
Floto Milano Slim Brown Briefcase Attache Lap-top Case,Rated 4/5 from 15 Amazon shopper reviews.,https://m.media-amazon.com/images/I/51o8+sHR0mL._AC_.jpg,201.75
"Latico Leathers Heritage Collection Slim Top-Zip Briefcase, 100% Genuine Authentic Luxury Leather, Designer Fashion, Top Quality Leather",Rated 3.3/5 from 18 Amazon shopper reviews.,https://m.media-amazon.com/images/I/91l20tNGPxL._AC_UL1500_.jpg,200.00
"24"" Oversized Leather Duffle Bag for Men Classic Full Grain Leather Travel Overnight Weekend Bag",Rated 4.9/5 from 16 Amazon shopper reviews.,https://m.media-amazon.com/images/I/71rnLFDoTeL._AC_SL1300_.jpg,199.99
"Polare 23"" Duffel Thick Full Grain Cowhide Leather Gym Weekender Overnight Luggage Bag For Men 42L",Rated 4.8/5 from 363 Amazon shopper reviews.,https://m.media-amazon.com/images/I/71I7QiuJUlL._AC_SL1500_.jpg,199.99
Polare 24 Inch Leather Duffel Bag for Men Full Grain Leather Travel Overnight Gym Sports Weekender Bag Large,Rated 4.8/5 from 22 Amazon shopper reviews.,https://m.media-amazon.com/images/I/71GYeGALUSL._AC_SL1500_.jpg,199.99
"Leathfocus Leather Travel Duffel Bags, Mens Classic Gift Carry on Bag Leather Weekend Bag Full Grain Overnight Luggage YKK Zipper",Rated 4.8/5 from 90 Amazon shopper reviews.,https://m.media-amazon.com/images/I/61Y9nRdtL-L._AC_SL1000_.jpg,199.99
Osgoode Marley Christopher Crossbody Leather Mens Bag - Black,Rated 4/5 from 1 Amazon shopper reviews.,https://m.media-amazon.com/images/I/81n3CeOLKCL._AC_SL1500_.jpg,199.95
BRASS TACKS Leathercraft Full Leather 15.6 inch Laptop Briefcase Shoudler Handbag Bag for Men Vintage Handmade Water Resistant Business Trip,Rated 3.6/5 from 12 Amazon shopper reviews.,https://m.media-amazon.com/images/I/81YGfddct2L._AC_SL1500_.jpg,199.80
"Latico Leathers Carriage Duffel Bag For Men, 100% Genuine Authentic Luxury Leather, Designer Fashion, Top Quality Leather,",Rated 3.2/5 from 35 Amazon shopper reviews.,https://m.media-amazon.com/images/I/816RIFZAmuL._AC_UL1500_.jpg,199.00
Timbuk2 Especial Stash Weatherproof Messenger Bag,Rated 3.9/5 from 79 Amazon shopper reviews.,https://m.media-amazon.com/images/I/618APOyFswL._AC_UL1500_.jpg,199.00
"Bellroy System Messenger Bag (Office Shoulder Bag, 16L, Fits 15"" Laptop)",Rated 3.9/5 from 7 Amazon shopper reviews.,https://m.media-amazon.com/images/I/71+on7cvXYL._AC_UL1500_.jpg,199.00
Men Travel Duffel Bag Genuine Leather Weekend bag Weekender Overnight Carry on Hand Bag (Brownish Yellow),Rated 5/5 from 2 Amazon shopper reviews.,https://m.media-amazon.com/images/I/714D7mAAqgL._AC_SL1500_.jpg,199.00
Floto Roma Leather Briefcase for Men Laptop Messenger Bag,Rated 2.9/5 from 3 Amazon shopper reviews.,https://m.media-amazon.com/images/I/81JUowd2fxL._AC_UL1500_.jpg,198.00
"Time Resistance Leather Messenger Bag for Men, Handmade Crossbody Bag, Shoulder Bag Made in Italy",Rated 4.6/5 from 37 Amazon shopper reviews.,https://m.media-amazon.com/images/I/91yAIfvsZvL._AC_UL1500_.jpg,197.00
Corkor Cork Briefcase for Men – Men’s Bag - Vegan Leather – Cruelty Free – Eco Friendly - Black,Rated 4.7/5 from 42 Amazon shopper reviews.,https://m.media-amazon.com/images/I/61C4BCCmJBL._AC_UL1024_.jpg,194.00
15.5 inch Leather Messenger Bag with cushioned Interior,Rated 4.5/5 from 76 Amazon shopper reviews.,https://m.media-amazon.com/images/I/91SRuS3WcJL._AC_UL1500_.jpg,189.99
"FishPond Boulder Briefcase, Peat Moss",Rated 4.8/5 from 24 Amazon shopper reviews.,https://m.media-amazon.com/images/I/81vfnmLTV1L._AC_SL1500_.jpg,189.95
Messenger Bag,Rated 5/5 from 1 Amazon shopper reviews.,https://m.media-amazon.com/images/I/816xAzbxTHL._AC_SL1500_.jpg,184.96
"Claire Chase Leather Messenger Briefcase, Saddle, One Size",Rated 4.5/5 from 3 Amazon shopper reviews.,https://m.media-amazon.com/images/I/81F3GbOScQL._AC_SL1500_.jpg,184.05
"Piel Leather Expandable Messenger Bag, Chocolate, One Size",Rated 5/5 from 12 Amazon shopper reviews.,https://m.media-amazon.com/images/I/61+aml0nhvL._AC_SL1000_.jpg,182.45
"Leathfocus Leather Travel Duffel Bag, Mens Classic Gift Leather Weekend Bag Overnight Full Grain Retro Sport Gym Carry on Luggage YKK Zipper (Brown)",Rated 4.7/5 from 188 Amazon shopper reviews.,https://m.media-amazon.com/images/I/61x16x+bqxL._AC_SL1000_.jpg,179.99
"Leathfocus Vintage Leather Weekend Bag,Full Grain Mens Cow Leather Sport Travel Duffels Classic Gift Weekend Luggage Bag,Premium YKK Zipper (Rustic Brown)",Rated 4.4/5 from 39 Amazon shopper reviews.,https://m.media-amazon.com/images/I/615UeguM6xS._AC_SL1000_.jpg,179.99
"CO-Z Vintage Luggages, 24 Inch Carry On Suitcase with Spinner Wheels, Handcraft Leather Travel Case with 12 Inch Personal Cosmetic Briefcase, Haze Blue Leather 24"" Trunk Luggage with Mini Duffle",Rated 4.4/5 from 37 Amazon shopper reviews.,https://m.media-amazon.com/images/I/61quDRo4g-L._AC_SL1500_.jpg,179.99
Polare 23'' Classic Full Grain Leather Travel Duffel Weekender Bag Overnight Duffle Bag For Men,Rated 4.7/5 from 445 Amazon shopper reviews.,https://m.media-amazon.com/images/I/71ew3aRWkVL._AC_SL1500_.jpg,179.99
TIDING Large Full Grain Leather Briefcase For Men Vintage Business Travel Attache Case Messenger Bag,Rated 4.7/5 from 49 Amazon shopper reviews.,https://m.media-amazon.com/images/I/618voopVt2L._AC_UL1000_.jpg,179.99
Leathario Leather Rolling Laptop Case Wheeled Briefcase Suitcase Roller Boarding,Rated 3.6/5 from 158 Amazon shopper reviews.,https://m.media-amazon.com/images/I/71akg3i82UL._AC_SL1200_.jpg,179.99
"Le Donne Leather Classic Flap Over Messenger Bag, 15” x 12” x 3.3” – Zip Closure",Rated 3.8/5 from 17 Amazon shopper reviews.,https://m.media-amazon.com/images/I/61R9Aqqy62L._AC_UL1000_.jpg,179.95
Osprey Farpoint 55 Men's Travel Backpack,"Rated 4.8/5 from 1,836 Amazon shopper reviews.",https://m.media-amazon.com/images/I/81GxyvRxdAL._AC_SL1500_.jpg,179.00
Tech Swiss Watch Case Aluminum Briefcase for 18 Large Watches (Gunmetal Grey),Rated 4.7/5 from 39 Amazon shopper reviews.,https://m.media-amazon.com/images/I/81hjoay9eBL._AC_SL1500_.jpg,179.00
"X-Large 18"" Leather Briefcase for Men Fits 17 Inch Laptop Computer Case Business Travel Messenger Crossbody Shoulder Bags",Rated 4.5/5 from 11 Amazon shopper reviews.,https://m.media-amazon.com/images/I/71vVKeyEgbL._AC_UL1500_.jpg,179.00
Tuscany Leather Sorrento Document Leather briefcase Brown,Rated 4.4/5 from 10 Amazon shopper reviews.,https://m.media-amazon.com/images/I/71AfO3-zNhL._AC_SL1500_.jpg,177.85
"McKlein Briefcase, Navy, 13 50 L x 6 W x 16 H",Rated 4.4/5 from 292 Amazon shopper reviews.,https://m.media-amazon.com/images/I/71r9f46lxyL._AC_SL1500_.jpg,174.08
"Piel Leather European Briefcase, Black, One Size",Rated 3.6/5 from 15 Amazon shopper reviews.,https://m.media-amazon.com/images/I/61LC84DqEDL._AC_SL1000_.jpg,170.90
"Chrome Industries Buran III Messenger Bag - 17"""" Laptop Sling Bag, Seat Belt Buckle, Water Resistant, 24 Liter",Rated 4.2/5 from 100 Amazon shopper reviews.,https://m.media-amazon.com/images/I/81ZMibZg+NL._AC_UL1500_.jpg,170.00
"22.8'' Leather Duffle Bags for Men, Full Grain Leather Travel Overnight Weekend Bag Retro Carry on Duffel Bag Brown",Rated 4.9/5 from 54 Amazon shopper reviews.,https://m.media-amazon.com/images/I/71SiUuf7SpL._AC_SL1500_.jpg,169.99
"UBANT Leather Duffel Bags for Men,Vintage Full Grain Leather Travel Duffle Bag Large Tote Carry-On Luggage Handbag Business Weekender Overnight Sport Gym Duffle Shoulder Bag",Rated 4.7/5 from 18 Amazon shopper reviews.,https://m.media-amazon.com/images/I/61DmOAjBUnL._AC_SL1500_.jpg,169.99
Banuce Full Grains Italian Leather Briefcase for Men Attache Case 14 Inch Laptop Business Work Bags Brown,Rated 4.3/5 from 41 Amazon shopper reviews.,https://m.media-amazon.com/images/I/81chn6AEa8S._AC_SL1500_.jpg,169.99
"Leathfocus Leather Travel Luggage Bag, Mens Duffle Retro Carry on Handbag (Brown)",Rated 4.6/5 from 307 Amazon shopper reviews.,https://m.media-amazon.com/images/I/61149WS2DBL._AC_SL1000_.jpg,169.99
Polare 23'' Vintage Full Grain Cowhide Leather Weekender Duffle Bag Overnight Travel Carry on Duffel Bag For Men,Rated 4.6/5 from 426 Amazon shopper reviews.,https://m.media-amazon.com/images/I/71TDeH3lBOL._AC_SL1500_.jpg,169.99
Osprey Stratos 36 Men's Hiking Backpack,Rated 4.7/5 from 865 Amazon shopper reviews.,https://m.media-amazon.com/images/I/510Wpm+Cj1L._AC_UL1000_.jpg,169.44
Manhattan Portage Medium NY Bike Messenger Bag,Rated 4/5 from 17 Amazon shopper reviews.,https://m.media-amazon.com/images/I/61jo1-KOA7L._AC_UL1000_.jpg,169.00
Time Resistance Leather Portfolio with Key Lock - Handmade Full Grain A4 Document Business Case Holder Briefcase,Rated 4.5/5 from 8 Amazon shopper reviews.,https://m.media-amazon.com/images/I/81c-XO479SL._AC_UL1500_.jpg,169.00
"David King & Co. Dowel Laptop Briefcase, Black, One Size",Rated 4.3/5 from 13 Amazon shopper reviews.,https://m.media-amazon.com/images/I/41eytr2YKDL._AC_.jpg,168.85
Tuscany Leather Tommy - Exclusive leather handy wrist bag for man - TL141442 (Black),Rated 3.9/5 from 8 Amazon shopper reviews.,https://m.media-amazon.com/images/I/71cPgrApbdL._AC_SL1500_.jpg,168.37
Time Resistance Leather Small Briefcase for Men Crossbody Bag,Rated 4.6/5 from 227 Amazon shopper reviews.,https://m.media-amazon.com/images/I/91wNeivyj8L._AC_UL1500_.jpg,167.00
Manhattan Portage Large Professional Bike Messenger Bag,Rated 4.3/5 from 11 Amazon shopper reviews.,https://m.media-amazon.com/images/I/51oEOgpOpCL._AC_UL1000_.jpg,165.00
"McKleinUSA, P Series, Franklin, Top Grain Cowhide Leather, 17"" Leather Patented Detachable Wheeled Laptop Briefcase, Black (86445)",Rated 3.9/5 from 46 Amazon shopper reviews.,https://m.media-amazon.com/images/I/81aABr8So2L._AC_SL1500_.jpg,164.20
Samsonite Colombian Leather Flap-Over Messenger Bag,"Rated 4.6/5 from 2,823 Amazon shopper reviews.",https://m.media-amazon.com/images/I/91E1SuNfrqL._AC_UL1500_.jpg,160.97
"McKlein Laptop Briefcase, Navy, 16.75""x7.25""x14.5""",Rated 4.4/5 from 255 Amazon shopper reviews.,https://m.media-amazon.com/images/I/81A8EavJ4RL._AC_SL1500_.jpg,160.86
Banuce Vintage Leather Briefcase for Men with Lock Attache Case 14 Inch Laptop Business Bags Tote Work Bags Brown,Rated 4.3/5 from 148 Amazon shopper reviews.,https://m.media-amazon.com/images/I/81Ad46TU-sL._AC_SL1500_.jpg,159.99
Polare Modern Messenger Bag with Retro Feel Men’s Laptop Briefcase with Full Grain Leather Fits for 15.6'' Laptop,Rated 4.4/5 from 64 Amazon shopper reviews.,https://m.media-amazon.com/images/I/719QMnc8oEL._AC_SL1500_.jpg,159.99
McKlein USA Pearson 17' Leather Expandable Double Compartment Laptop Briefcase,Rated 2.5/5 from 2 Amazon shopper reviews.,https://m.media-amazon.com/images/I/81YoSb5KaRL._AC_UL1500_.jpg,155.49
BOSTANTEN Genuine Leather Travel Weekender Overnight Duffel Bag Gym Sports Luggage Tote Duffle Bags for Men,Rated 4.4/5 from 750 Amazon shopper reviews.,https://m.media-amazon.com/images/I/71Dmi0x3tCL._AC_SL1001_.jpg,154.99
BLACKHAWK Advanced Tactical Briefcase,Rated 4.2/5 from 34 Amazon shopper reviews.,https://m.media-amazon.com/images/I/61bVPBRyO7L._AC_SL1200_.jpg,149.99
Bosca RFID Canvas/Washed Messenger Bag,Rated 4/5 from 2 Amazon shopper reviews.,https://m.media-amazon.com/images/I/91+k3KXGbTL._AC_UL1500_.jpg,149.99
Backpack Marvel Deadpool Costume Inspired Utility Convertible Crossbody Messenger Bag,Rated 4.4/5 from 51 Amazon shopper reviews.,https://m.media-amazon.com/images/I/71s2BkHt2eL._AC_SL1200_.jpg,149.99
Large 28 inch duffel bags for men holdall leather travel bag overnight gym sports weekend bag,Rated 4.7/5 from 270 Amazon shopper reviews.,https://m.media-amazon.com/images/I/81d55wIku8L._AC_SL1500_.jpg,149.99
Banuce Leather Briefcase for Men Handbags Business Work Tote Messenger Bag 14 Inch Laptop Attache Case,Rated 4/5 from 2 Amazon shopper reviews.,https://m.media-amazon.com/images/I/71rsdGxE8lL._AC_UL1500_.jpg,149.99
Briefcase ATA Style - Std Size - Id 17 1/2 X 12 3/4 X 3 3/4 High - Color Black,Rated 3.5/5 from 2 Amazon shopper reviews.,https://m.media-amazon.com/images/I/71uyi0-L+bL._AC_SL1000_.jpg,149.99
McKlein Hillside Laptop Briefcase,Rated 3.9/5 from 27 Amazon shopper reviews.,https://m.media-amazon.com/images/I/61bKwJmYX6L._AC_UL1000_.jpg,149.99
"Le Donne Leather Rivet Laptop Messenger Bag – Premium Full-Grain Colombian Vaquetta Leather Bag, 14” x 14”",Rated 4.7/5 from 3 Amazon shopper reviews.,https://m.media-amazon.com/images/I/51QII+62ygL._AC_UL1001_.jpg,149.95
"Claire Chase Jumbo Man Bag, Saddle, One Size",Rated 4/5 from 21 Amazon shopper reviews.,https://m.media-amazon.com/images/I/81EzFx2WXzL._AC_SL1500_.jpg,149.94
"TIMBUK2 Scheme Convertible Briefcase Backpack, Jet Black, Medium",Rated 4.3/5 from 55 Amazon shopper reviews.,https://m.media-amazon.com/images/I/61BRJtXm5rL._AC_SL1500_.jpg,149.00
Thick Full Grain Leather Duffle Bag for Men Big Travel Overnight Weekend Sports Gym Bag,Rated 4.5/5 from 71 Amazon shopper reviews.,https://m.media-amazon.com/images/I/71I2YZlbk0S._AC_UL1500_.jpg,148.99
Genuine Leather Sling Bag for Men Vintage Handmade Crossbody Casual Daypack Shoulder Satchel,Rated 4.2/5 from 41 Amazon shopper reviews.,https://m.media-amazon.com/images/I/61Xh36aGyrL._AC_UL1001_.jpg,148.00
Mens Sling Bag Genuine Leather Motorcycle Shoulder Bag Anti Theft Crossbody Purse Satchel Casual Travel Daypack,Rated 4.7/5 from 18 Amazon shopper reviews.,https://m.media-amazon.com/images/I/61vZVOSJuEL._AC_UL1001_.jpg,148.00
"Samsonite Pro Double Compartment Briefcase, Black, One Size",Rated 4.1/5 from 28 Amazon shopper reviews.,https://m.media-amazon.com/images/I/8153YSZAzSL._AC_SL1500_.jpg,146.99
"STS Ranchwear Men's The Foreman Duffel Bag, Dark Khaki Canvas/Leather, One Size",Rated 4.8/5 from 58 Amazon shopper reviews.,https://m.media-amazon.com/images/I/71raMqM-IRS._AC_SL1200_.jpg,144.00
"McKlein, I Series, River North, Full Grain Cashmere Napa Leather, 15"" Leather Triple Compartment Laptop Briefcase, Black (43555)",Rated 3.1/5 from 17 Amazon shopper reviews.,https://m.media-amazon.com/images/I/91tGG816eAL._AC_SL1500_.jpg,143.75
"Claire Chase Classic Man Bag, Black, One Size",Rated 3.1/5 from 4 Amazon shopper reviews.,https://m.media-amazon.com/images/I/41DIbluKstL._AC_.jpg,143.68
Tuscany Leather John Leather crossbody bag for men with front zip Black,Rated 5/5 from 21 Amazon shopper reviews.,https://m.media-amazon.com/images/I/71j1p+jEeCL._AC_SL1500_.jpg,142.28
"Time Resistance Leather Messenger Bag for Men, Handmade Crossbody Bag, Shoulder Bag",Rated 4.7/5 from 166 Amazon shopper reviews.,https://m.media-amazon.com/images/I/91Z+X6xA2+L._AC_UL1500_.jpg,141.00
"Piel Leather Slim Top-Zip Briefcase, Chocolate, One Size",Rated 4.9/5 from 12 Amazon shopper reviews.,https://m.media-amazon.com/images/I/6193xvnnjUL._AC_SL1001_.jpg,140.27
Banuce Leather Briefcase for Men Attache Case 14 Inch Laptop Business Bags Work bag,Rated 4.9/5 from 23 Amazon shopper reviews.,https://m.media-amazon.com/images/I/71W0MZj64-L._AC_UL1500_.jpg,139.99
Genuine Leather Sling Bag for Men Vintage Handmade Crossbody Daypack Retro Hiking Backpack Chest Bag Casual Shoulder Bag Sling Purse (Brown),Rated 4.2/5 from 64 Amazon shopper reviews.,https://m.media-amazon.com/images/I/61nZA2pq2gL._AC_SL1100_.jpg,138.00
Manhattan Portage New York Messenger Bag,Rated 4.5/5 from 33 Amazon shopper reviews.,https://m.media-amazon.com/images/I/51R7msorMRL._AC_UL1000_.jpg,135.00
Manhattan Portage Dana's Messenger Bag,Rated 3.8/5 from 8 Amazon shopper reviews.,https://m.media-amazon.com/images/I/61htrYmEhSL._AC_UL1000_.jpg,135.00
Scully Accessories Walnut Leather Mens Aerosquadron Shoulder Tote,Rated 5/5 from 5 Amazon shopper reviews.,https://m.media-amazon.com/images/I/81dfUeyW6AL._AC_UL1200_.jpg,134.95
S-ZONE Men Genuine Leather Backpack Purse Vintage Casual Daypack Multi Pockets Travel Bag,Rated 4.4/5 from 847 Amazon shopper reviews.,https://m.media-amazon.com/images/I/81bsKuKor0L._AC_UL1500_.jpg,129.99
Polare Cowhide Backpack Full Grain Leather Vintage Daypack Laptop Satchel Travel Messenger Bag For Men,Rated 4.6/5 from 57 Amazon shopper reviews.,https://m.media-amazon.com/images/I/71+B0ufJz7L._AC_SL1500_.jpg,129.99
Bellroy Via Work Bag (14L laptop messenger bag) - Black,Rated 4.3/5 from 18 Amazon shopper reviews.,https://m.media-amazon.com/images/I/51p05hom0QL._AC_UL1200_.jpg,129.00
Genuine Leather Messenger Bag for Men Small Purse Crossbody Shoulder Bags Satchel for Work Business,Rated 5/5 from 7 Amazon shopper reviews.,https://m.media-amazon.com/images/I/71SwltQvo8L._AC_UL1500_.jpg,128.00
"Le Donne Leather Distressed Full Flap Laptop Messenger Bag, 15” x 12” x 4.5”",Rated 3.7/5 from 8 Amazon shopper reviews.,https://m.media-amazon.com/images/I/81eEaupGQ4L._AC_UL1500_.jpg,128.00
IVTG Leather Messenger Bags for Men Crossbody Shoulder Bags Man Purse Satchel,Rated 4.1/5 from 23 Amazon shopper reviews.,https://m.media-amazon.com/images/I/613ACN4Oo7L._AC_UL1200_.jpg,128.00
"Moleskine(モレスキン) Men's ET76UDBVBK Business Backpack with 15-inch PC Storage, Black (Black 19-3911tcx)",Rated 3.4/5 from 18 Amazon shopper reviews.,https://m.media-amazon.com/images/I/61Uo4CBolqL._AC_SL1500_.jpg,127.10
"McKleinUSA V Series, Lexington, Top Grain Cowhide Leather, 15"" Leather Flapover Double Compartment Briefcase, Black (83545), One Size",Rated 3.6/5 from 25 Amazon shopper reviews.,https://m.media-amazon.com/images/I/91iEzTLjmtL._AC_SL1500_.jpg,125.48
Royce Leather Royce Leather Messenger Bag,Rated 4.8/5 from 7 Amazon shopper reviews.,https://m.media-amazon.com/images/I/71Ykg1bl1rL._AC_SL1001_.jpg,124.99
THE NORTH FACE Jester Mens Backpack,Rated 4.6/5 from 219 Amazon shopper reviews.,https://m.media-amazon.com/images/I/91Vpiu3LbHL._AC_UL1500_.jpg,123.99
PIJUSHI Crocodile Leather Sling Bag for Men Crossbody Chest Daypack Bag,Rated 4.6/5 from 26 Amazon shopper reviews.,https://m.media-amazon.com/images/I/71WM0G9hJiL._AC_UL1500_.jpg,122.58
"First Tactical Executive Briefcase, Black",Rated 4.7/5 from 27 Amazon shopper reviews.,https://m.media-amazon.com/images/I/816BSoSy8VL._AC_SL1500_.jpg,119.99
"Perry Ellis Men's Excess 9-Pocket Underseat Rolling Tote Carry-on Bag, Black, One Size",Rated 4.4/5 from 124 Amazon shopper reviews.,https://m.media-amazon.com/images/I/71kktMcgygL._AC_SL1500_.jpg,119.99
feixueer Leather Mens Briefcase Hardsided Attaché Hard Shell Vintage Outlook Organized Interior- Black,Rated 4.1/5 from 39 Amazon shopper reviews.,https://m.media-amazon.com/images/I/81PHiFtXATL._AC_UL1500_.jpg,119.99
Texbo Men's 17 Inch Solid Genuine Leather Professional Laptop Briefcase Messenger Shoulder Bag,Rated 4.5/5 from 112 Amazon shopper reviews.,https://m.media-amazon.com/images/I/71iQro4TMlL._AC_UL1300_.jpg,119.99
"Bellino Prospector Briefcase, Olive with Brown, One Size",Rated 5/5 from 1 Amazon shopper reviews.,https://m.media-amazon.com/images/I/61IFVS4ETOL._AC_SL1000_.jpg,119.95
FEYNSINN real leather travel bag holdall ASHTON XL weekender duffel bag overnight duffle bag leather bag men´s bag brown,Rated 4/5 from 79 Amazon shopper reviews.,https://m.media-amazon.com/images/I/91cQX0z+mJL._AC_SL1500_.jpg,119.00
Time Resistance Leather Clutch for Men Organizer Wrist Bag Briefcase Handmade in Italy,Rated 4.5/5 from 105 Amazon shopper reviews.,https://m.media-amazon.com/images/I/813NZsO1-BS._AC_UL1500_.jpg,118.00
"S Unite Star 20 Inch Carry On Luggage with Front Laptop Pocket, Lightweight Hardshell ABS+PC+Aluminum Frame Suitcase with TSA Lock, 360 Spinner Wheels, Briefcase for Trip, Black",Rated 4.2/5 from 46 Amazon shopper reviews.,https://m.media-amazon.com/images/I/618PHXj9j9L._AC_SL1500_.jpg,117.99
DanPi Leather Briefcase for Men Cowhide Laptop Briefcase with Lock 14 inch Brown,Rated 3.9/5 from 47 Amazon shopper reviews.,https://m.media-amazon.com/images/I/71z8ctaW6cL._AC_SL1200_.jpg,116.99
PIJUSHI Crocodile Leather Clutch Purse Wallet for Men Organized Holder Wrist Bag,Rated 5/5 from 2 Amazon shopper reviews.,https://m.media-amazon.com/images/I/71OqQd3T6OL._AC_UL1500_.jpg,116.78
Polare Vintage Full Grain Leather Sling Bag for Men Multipurpose Daypack Shoulder Chest Crossbody Bag Travel Backpack Large Fits iPad Pro 12.9'',Rated 5/5 from 35 Amazon shopper reviews.,https://m.media-amazon.com/images/I/71PyRpcn87L._AC_UL1500_.jpg,115.99
Rothco MOLLE Tactical Laptop Briefcase Crossbody Messenger Shoulder Bag,Rated 4.1/5 from 44 Amazon shopper reviews.,https://m.media-amazon.com/images/I/41nagdUWarL._AC_.jpg,115.99
Banuce Full Grain Italian Leather Briefcase for Men Attache Case 14 Inch Laptop Business Bags Work Bag,Rated 4.5/5 from 12 Amazon shopper reviews.,https://m.media-amazon.com/images/I/71XycXaRBvL._AC_UL1500_.jpg,114.99
"Samsonite Kombi Flapover Briefcase, Black/Brown, One Size",Rated 4.5/5 from 86 Amazon shopper reviews.,https://m.media-amazon.com/images/I/81qf3tM16+L._AC_SL1500_.jpg,114.95
"JanSport(ジャンスポーツ) Men's Backpack, Green Machine, One Size",Rated 4.2/5 from 7 Amazon shopper reviews.,https://m.media-amazon.com/images/I/A1zsMTLCjpL._AC_SL1500_.jpg,112.55
Maxwell Scott | Luxury Leather Luggage/Briefcase Strap | The Shoulder Strap | Adjustable Classic Bag Strap | Night Black,Rated 4.4/5 from 69 Amazon shopper reviews.,https://m.media-amazon.com/images/I/51fjnSS014L._AC_SL1200_.jpg,111.00
"anello(アネロ) Men's Regular Size Metal Backpack, Tricolor",Rated 4.2/5 from 175 Amazon shopper reviews.,https://m.media-amazon.com/images/I/612SPc4KftL._AC_SL1000_.jpg,110.48
"Claire Chase Professional Computer Briefcase, Black, One Size",Rated 4.7/5 from 11 Amazon shopper reviews.,https://m.media-amazon.com/images/I/81eD6KZ11gL._AC_SL1444_.jpg,110.45
"Rains Men's Backpack, Black, One Size",Rated 4.6/5 from 458 Amazon shopper reviews.,https://m.media-amazon.com/images/I/61l1HCOBOZL._AC_SL1500_.jpg,110.00
"Hespary Vintage Genuine Leather Anti-Theft Shoulder Sling Bag Chest Crossbody Bag For Men fits 11"" iPad",Rated 4.5/5 from 19 Amazon shopper reviews.,https://m.media-amazon.com/images/I/81g5jdTTEWL._AC_UL1500_.jpg,109.99
"Leather Castle Genuine Vintage Men’s Duffel Sports Gym, Travel, Carry-on Luggage Bag, Tan",Rated 4.7/5 from 241 Amazon shopper reviews.,https://m.media-amazon.com/images/I/81P9O3Ca0BL._AC_SL1500_.jpg,109.99
TIDING Vintage Full Grain Leather Messenger Bag For Men Crossbody Shoulder Bag For 11 Inch iPad Pro,Rated 4.6/5 from 37 Amazon shopper reviews.,https://m.media-amazon.com/images/I/71Vwi3CBQFL._AC_UL1500_.jpg,109.99
"Hespary Retro Real Cowhide Leather Sling Bag Chest Daypack Single Strap Backpack For Men fits 11"" iPad",Rated 4/5 from 18 Amazon shopper reviews.,https://m.media-amazon.com/images/I/71cr0LlO3HL._AC_SL1500_.jpg,109.99
"Taertii Vintage Full Grain Genuine Leather Sling Bag for Men, Crossbody Shoulder Chest Bag Daypack fits 12.9"" iPad -Brown (13.8""x8.7"")",Rated 4.7/5 from 5 Amazon shopper reviews.,https://m.media-amazon.com/images/I/615muDNKSTL._AC_UL1500_.jpg,109.99
"LANNSYNE Small Vintage Leather Sling Bag For Men Crossbody Chest Daypack fits 10.5"" iPad",Rated 4.6/5 from 56 Amazon shopper reviews.,https://m.media-amazon.com/images/I/61ZpzpirDdL._AC_SL1500_.jpg,109.99
Genuine Full Grain Leather Men's 16 Inch Laptop Briefcase Messenger Bag Tote Satchel Bag with YKK Metal Zippers(Light Brown),Rated 4.6/5 from 724 Amazon shopper reviews.,https://m.media-amazon.com/images/I/61iJDJHPQ6L._AC_SL1500_.jpg,109.99
Masonic Regalia Smart Briefcase for Apron and Chain Collar Soft Handle Black MB014,Rated 4.4/5 from 32 Amazon shopper reviews.,https://m.media-amazon.com/images/I/71gxav223BL._AC_SL1500_.jpg,109.97
LEABAGS Liverpool briefcase laptop bag 14 inch leather bag in vintage style,Rated 4.2/5 from 142 Amazon shopper reviews.,https://m.media-amazon.com/images/I/91tEnn-L1nL._AC_UL1500_.jpg,109.95
LEABAGS Gainsville briefcase laptop bag 15 inch leather bag in vintage style,Rated 4.3/5 from 93 Amazon shopper reviews.,https://m.media-amazon.com/images/I/81aOrmyOYjL._AC_UL1500_.jpg,109.95
21 Inch Genuine Buffalo Leather Travel Duffle Bag | Overnight Weekend Leather Bag | Sports Gym Duffel for Men| Airplane Under Seat Carry on Bags (brown),Rated 4.3/5 from 111 Amazon shopper reviews.,https://m.media-amazon.com/images/I/81T9beV0wvL._AC_SL1500_.jpg,109.00
Augus Leather Messenger Bag for Men Vintage Travel Backpack 17 inch laptop Briefcase Shoulder Bags,Rated 4.6/5 from 651 Amazon shopper reviews.,https://m.media-amazon.com/images/I/71oagmCvN0L._AC_UL1300_.jpg,108.65
"Ben Sherman Top Zip Laptop Portfolio Briefcase, Black, One Size",Rated 3.9/5 from 19 Amazon shopper reviews.,https://m.media-amazon.com/images/I/91l90wi-G7L._AC_SL1500_.jpg,106.86
"Samsonite Leather Slim Briefcase, Black, 16 Inch",Rated 4.4/5 from 756 Amazon shopper reviews.,https://m.media-amazon.com/images/I/91rwxMwAmHL._AC_SL1500_.jpg,106.74
LEABAGS Acapulco genuine buffalo leather shoulder bag I Vintage look I 15 inch laptop I Office Messenger bag I Briefcase,Rated 4.5/5 from 138 Amazon shopper reviews.,https://m.media-amazon.com/images/I/81D5gzC8t2L._AC_UL1500_.jpg,104.95
TOUS Messenger Bag,Rated 4.6/5 from 348 Amazon shopper reviews.,https://m.media-amazon.com/images/I/51wGR4Yla9L._AC_UL1000_.jpg,104.45
Burton Men's AK Gore-Tex Clutch Mitten,Rated 4.4/5 from 94 Amazon shopper reviews.,https://m.media-amazon.com/images/I/81OHu75ww3L._AC_UL1500_.jpg,104.37
"Perry Ellis Men's Extra Large 35"" Rolling Duffel Bag-A335",Rated 4.2/5 from 56 Amazon shopper reviews.,https://m.media-amazon.com/images/I/61A0rbVn9OL._AC_UL1500_.jpg,103.22
Bellino Soft Sided Leather Laptop Briefcase,Rated 5/5 from 2 Amazon shopper reviews.,https://m.media-amazon.com/images/I/61Uu1qXTwAL._AC_SL1000_.jpg,102.31
"Claire Chase Platinum Briefcase, Cafe, One Size",Rated 4.5/5 from 2 Amazon shopper reviews.,https://m.media-amazon.com/images/I/81TyWVL0OnL._AC_SL1500_.jpg,102.20
"Alchemy Goods Haversack Messenger Bag, Made from Recycled Bike Tubes",Rated 4.4/5 from 35 Amazon shopper reviews.,https://m.media-amazon.com/images/I/81s0RaXdw5L._AC_SL1500_.jpg,102.09
"OGIO Corporate City Corp Messenger Bag, Royal",Rated 4.3/5 from 6 Amazon shopper reviews.,https://m.media-amazon.com/images/I/714O6VzLRBL._AC_SL1000_.jpg,101.00
"Chrome Industries Kadet Sling Messenger Bag - Low Profile Crossbody Pack Our Signature Belt Buckle Closure, 9 Liter","Rated 4.7/5 from 1,216 Amazon shopper reviews.",https://m.media-amazon.com/images/I/71cpzS5bbnL._AC_UL1500_.jpg,100.00
LANNSYNE Vintage Full Grain Leather Chest Sling Bag Fits 10.5 iPad Crossbody Single Strap Backpack for Men,Rated 4.5/5 from 125 Amazon shopper reviews.,https://m.media-amazon.com/images/I/61FWKVImhBL._AC_UL1500_.jpg,99.99
The Coop Star Trek The Next Generation Klingon Messenger Bag,Rated 3.9/5 from 19 Amazon shopper reviews.,https://m.media-amazon.com/images/I/81uXJyu1KLL._AC_SL1500_.jpg,99.99
"Visconti Leather Vintage Business Briefcase/Messenger Bag with Detachable Strap, Brown, One Size",Rated 3.4/5 from 49 Amazon shopper reviews.,https://m.media-amazon.com/images/I/91kdm8vYW2L._AC_SL1500_.jpg,99.99
"Visconti Harvard Distressed Leather Messenger Bag, Tan, One Size",Rated 3.6/5 from 44 Amazon shopper reviews.,https://m.media-amazon.com/images/I/61EMh7UNRmL._AC_SL1350_.jpg,99.99
Antonio Valeria Zeke Premium Leather Messenger Bag for Men,Rated 4.4/5 from 8 Amazon shopper reviews.,https://m.media-amazon.com/images/I/91LcV0WwyWL._AC_UL1500_.jpg,99.99
BOSTANTEN Leather Briefcase Handbag Messenger Business Bags for Men,"Rated 4.5/5 from 1,047 Amazon shopper reviews.",https://m.media-amazon.com/images/I/71Lkb6rYIeL._AC_UL1001_.jpg,99.99
"LAPG Terrain Stealth Messenger Bag, Covert EDC Messenger Bag, Tactical Crossbody Bag",Rated 4.8/5 from 10 Amazon shopper reviews.,https://m.media-amazon.com/images/I/61IwoYMxSLL._AC_UL1280_.jpg,99.99
Polare Modern Style Sling Shoulder Bag Men’s Travel/Hiking Daypack with Full Grain Italian Leather and YKK Zippers,Rated 4.6/5 from 447 Amazon shopper reviews.,https://m.media-amazon.com/images/I/719VIhR6SDL._AC_UL1500_.jpg,99.99
Leather Briefcase Office Bag for Men Padded Laptop Sleeve by Aaron Leather Goods 16Inch,Rated 4.5/5 from 212 Amazon shopper reviews.,https://m.media-amazon.com/images/I/81J8UzQh3GL._AC_SL1500_.jpg,99.99
MrBullock Genuine Leather Wallet for Men with Zipper Clutch Bag Mens Handbag purpose for Man 12 inches Long Personalized Minimalist Multifunctional,Rated 4.9/5 from 12 Amazon shopper reviews.,https://m.media-amazon.com/images/I/81UAf8h-ZQL._AC_UL1500_.jpg,99.88
BRASS TACKS Leathercraft Men's Waxed Canvas Vintage Overnight Duffel Weekend Business Excursion Road Bag Travel Luggage,Rated 4.5/5 from 211 Amazon shopper reviews.,https://m.media-amazon.com/images/I/91JsTrcPDmL._AC_SL1500_.jpg,99.80
"David King & Co. Messenger Bag 1, Tan, One Size",Rated 3.9/5 from 28 Amazon shopper reviews.,https://m.media-amazon.com/images/I/41EPKyF2QvL._AC_.jpg,99.65
"Visconti Distressed Leather Fashion Slim Cross-Body Messenger Bag, Oil Brown, One Size",Rated 4/5 from 71 Amazon shopper reviews.,https://m.media-amazon.com/images/I/91tqSVVuLdL._AC_SL1500_.jpg,99.15
Leftover Studio Laptop Briefcase / Messenger / Office Work Bag in Vintage Rustic Look Cow Leather,Rated 5/5 from 1 Amazon shopper reviews.,https://m.media-amazon.com/images/I/61Ffte3lsoL._AC_SL1100_.jpg,99.00
"Jack&Chris Leather Man Purse Shoulder Bag,Small Mens Crossbody Messenger Bags for Work,Men Satchel Handbag…",Rated 4.7/5 from 699 Amazon shopper reviews.,https://m.media-amazon.com/images/I/811Pd8oVrfL._AC_UL1500_.jpg,99.00
Leather Mens Retro Brown Laptop Messenger Bag Vintage Leather Laptop Briefcase Large Satchel Shoulder Bag With Trolly Strap,Rated 4/5 from 1 Amazon shopper reviews.,https://m.media-amazon.com/images/I/71xTAt1rrkL._AC_UL1500_.jpg,99.00
"2(X) ist Men's Nylon Tote Bag, Black Solid, One Size",Rated 3.6/5 from 5 Amazon shopper reviews.,https://m.media-amazon.com/images/I/91WlL0UDoKL._AC_SL1500_.jpg,99.00
KPL Large 32 inch duffel bags for men holdall leather travel bag overnight gym sports weekend bag,"Rated 4.6/5 from 3,262 Amazon shopper reviews.",https://m.media-amazon.com/images/I/81lRiaVCc+L._AC_SL1500_.jpg,98.99
"Bellino Expandable Soft Briefcase, Black",Rated 3/5 from 11 Amazon shopper reviews.,https://m.media-amazon.com/images/I/61BMH96pGgL._AC_SL1000_.jpg,98.01
"EURYNOME Leather Messenger Bag for Men, Men Purse Bag Full Grain Leather",Rated 4.2/5 from 29 Amazon shopper reviews.,https://m.media-amazon.com/images/I/51WFcOQPw8L._AC_UL1300_.jpg,97.86
Amerileather Savvy Leather Executive Briefcase (#2840-024),Rated 3.5/5 from 18 Amazon shopper reviews.,https://m.media-amazon.com/images/I/61YB3I3t2rL._AC_UL1001_.jpg,97.65
Tassia Slimline Attache Business Briefcase - Leather Look Pu,Rated 4.4/5 from 331 Amazon shopper reviews.,https://m.media-amazon.com/images/I/81TGDQ0R3ML._AC_SL1500_.jpg,94.99
Black Leather Laptop Backpack Briefcase (#2437-0),Rated 3.6/5 from 11 Amazon shopper reviews.,https://m.media-amazon.com/images/I/31wgvNtJWPL._AC_.jpg,94.59
"Le Donne Leather Multi-Pocket Men’s Bag – Premium Full-Grain Colombian Vaquetta Cowhide Leather Men’s Shoulder Bag, 10.5”",Rated 4.9/5 from 12 Amazon shopper reviews.,https://m.media-amazon.com/images/I/81MmizXa3VL._AC_UL1500_.jpg,92.00
Large 30 inch duffel bags for men holdall leather travel bag overnight gym sports weekend bag,"Rated 4.4/5 from 2,916 Amazon shopper reviews.",https://m.media-amazon.com/images/I/81WO2qrfUCL._AC_SL1500_.jpg,91.99
"David King & Co. Messenger Bag Plus 3, Tan, One Size",Rated 3.2/5 from 37 Amazon shopper reviews.,https://m.media-amazon.com/images/I/91EyfFaQrwL._AC_SL1500_.jpg,91.49
"Chrome Industries Simple Messenger Bag - 13"" Laptop Bag, Water Resistant, 12 Liter",Rated 3.9/5 from 3 Amazon shopper reviews.,https://m.media-amazon.com/images/I/81bARxhBikL._AC_UL1500_.jpg,90.00
"Caterpillar H2O Defender Water Resistant Work Pants for Men with Reinforced Knees, Bellowed Cargo Pocket and Tool Bags","Rated 4.5/5 from 3,112 Amazon shopper reviews.",https://m.media-amazon.com/images/I/51oplzzATIL._AC_UL1280_.jpg,89.99
Loungefly Marvel Spiderman Spider Man Suit Mini Faux Leather Backpack,Rated 4.8/5 from 365 Amazon shopper reviews.,https://m.media-amazon.com/images/I/81tdc6Qv0zL._AC_SL1500_.jpg,89.99
TIDING Men's Genuine Leather Sling Bag Vintage 11 Inch Tablet Crossbody Chest Daypack with Detachable Pocket,Rated 4.6/5 from 14 Amazon shopper reviews.,https://m.media-amazon.com/images/I/71nR8AKdzjL._AC_UL1500_.jpg,89.99
ANTONIO VALERIA Albert Blue Premium Leather Messenger Bag for Men,Rated 4.4/5 from 22 Amazon shopper reviews.,https://m.media-amazon.com/images/I/81BthNZWljL._AC_SL1500_.jpg,89.99
FT FUNTOR Genuine Leather Briefcases for Men 16.5 Inch Laptop Bag Hard-Sided Briefcase with Detachable Shoulder,Rated 3/5 from 2 Amazon shopper reviews.,https://m.media-amazon.com/images/I/81ib3flpURL._AC_SL1500_.jpg,89.99
"@Riderbag Reflective Backpack Backpacks that keep you safe day and night, motorcycle riding backpack, Bike commuter backpack with waterproof rain cover, Backpack for men",Rated 4.6/5 from 415 Amazon shopper reviews.,https://m.media-amazon.com/images/I/51h1KJPL6qL._AC_SL1000_.jpg,89.99
"Alpine Swiss Expandable Attache Case Dual Combination Lock Hard Side Briefcase, Black",Rated 4.5/5 from 313 Amazon shopper reviews.,https://m.media-amazon.com/images/I/81-atpMpBzL._AC_SL1500_.jpg,89.99
"compalo Vintage Briefcase Portfolio, Leather Attache Case for Men, Supreme Messenger Bag 15.6 inch Laptop Travel Case, Full Grain Leather Briefcase with YKK Zipper, Mens Satchel Bag Crossbody",Rated 3.3/5 from 4 Amazon shopper reviews.,https://m.media-amazon.com/images/I/71ab5pOBNML._AC_UL1500_.jpg,89.99
Tech Swiss Watch Case For 10 Travel Briefcase Design Leather Large Compartments Zipper (Black),Rated 4.3/5 from 14 Amazon shopper reviews.,https://m.media-amazon.com/images/I/91EoWb9seXL._AC_SL1500_.jpg,89.95
Ju-Ju-Be Men's XY Collection Clone Diaper Bag (Gray Matter),Rated 3.1/5 from 4 Amazon shopper reviews.,https://m.media-amazon.com/images/I/91YJrHas7IL._SL1500_.jpg,89.95
"Visconti Leather Flapover Business Case Briefcase, Brown, One Size",Rated 3.7/5 from 21 Amazon shopper reviews.,https://m.media-amazon.com/images/I/A1jf8kcxx8L._AC_SL1500_.jpg,89.69
"Timbuk2 Classic Messenger Bag - Durable, Water-Resistant, fits 13"", 15"", 17"" Laptop","Rated 4.7/5 from 5,270 Amazon shopper reviews.",https://m.media-amazon.com/images/I/61iczaDAFUL._AC_SL1500_.jpg,89.10
"Mens Full Grain Leather Shoulder Crossbody,Messenger Bag Fits 10 inch Tablets Working Business Satchel Bags Brown",Rated 4.5/5 from 64 Amazon shopper reviews.,https://m.media-amazon.com/images/I/71cD-ifHLHL._AC_UL1500_.jpg,89.00
"Manhattan Portage Neoprene Messenger Bag Jr (sm), Silver, One Size",Rated 5/5 from 2 Amazon shopper reviews.,https://m.media-amazon.com/images/I/71HmQe-FarL._AC_SL1001_.jpg,89.00
"Full Grain Leather Sling Backpack Bags for Men Fits 9.7"" Tablet Small Hiking Crossbody Shoulder Daypack Chest Bag, Brown",Rated 5/5 from 6 Amazon shopper reviews.,https://m.media-amazon.com/images/I/61MpZqOldkL._AC_UL1500_.jpg,89.00
Manhattan Portage DJ Messenger Bag,Rated 4.7/5 from 6 Amazon shopper reviews.,https://m.media-amazon.com/images/I/71BsfqdZ+jL._AC_SL1000_.jpg,89.00
Timbuk2 Lightweight Flight Messenger Bag,Rated 4.7/5 from 326 Amazon shopper reviews.,https://m.media-amazon.com/images/I/71Gwl+0aMlL._AC_SL1500_.jpg,89.00
"Ringsun Small Leather Mens Purse Bag, Leather Man Purse Man Bag Messenger Bag for Men Zipper Crossbody Shoulder Bag,RS30",Rated 4.6/5 from 400 Amazon shopper reviews.,https://m.media-amazon.com/images/I/71kFxjkNIrL._AC_UL1500_.jpg,89.00
"David King & Co. Male Bag with Organizer Inside, Black, One Size",Rated 4.2/5 from 23 Amazon shopper reviews.,https://m.media-amazon.com/images/I/81wKhBu7y-L._AC_SL1500_.jpg,88.59
HULSH Leather Messenger Bag for Men – Vintage Laptop Bag Leather Satchel for Men - 18 inch Padded Brown Leather Computer Bag,Rated 4.2/5 from 62 Amazon shopper reviews.,https://m.media-amazon.com/images/I/918WNfaobOL._AC_UL1500_.jpg,84.99
Handmade Vintage Travel Luggage 30 Inch Duffel Gym Sports Bag Weekender Travel Overnight Carry One Duffel Bag For Men (24 inch medium),Rated 4.5/5 from 702 Amazon shopper reviews.,https://m.media-amazon.com/images/I/818fzChm6uL._AC_SL1500_.jpg,84.99
"Perry Ellis Men's 24"" Lightweight Rolling Duffel Bag-A324, Black/Grey, One Size",Rated 4.5/5 from 127 Amazon shopper reviews.,https://m.media-amazon.com/images/I/61GwYKsghtL._AC_SL1500_.jpg,82.18
"HULSH Leather Messenger Bag Brown Air cabin Briefcase Leather Cross body Shoulder Large Laptop bag (13"" X 18"")",Rated 4/5 from 175 Amazon shopper reviews.,https://m.media-amazon.com/images/I/81vkqrMjB9L._AC_UL1500_.jpg,81.99
"ALPINE NORTH Men’s Vegan Down Packable Puffer - Lightweight, Weather-Resistant Jacket with Hood for Men with Carry Bag",Rated 4.5/5 from 58 Amazon shopper reviews.,https://m.media-amazon.com/images/I/71v-fAz113L._AC_UL1500_.jpg,80.00
The Walking Dead - Daryl Wings Messenger Bag - Dead Red,Rated 4.6/5 from 45 Amazon shopper reviews.,https://m.media-amazon.com/images/I/91ex5h07gfL._SL1500_.jpg,79.98
"LEABAGS Birmingham shoulder bag I 13"" laptopbag I genuine buffalo leather messenger bag I vintage look I work bag",Rated 4.2/5 from 151 Amazon shopper reviews.,https://m.media-amazon.com/images/I/81tNqmYFvpL._AC_UL1500_.jpg,79.95
Mountainsmith Adventure Office Messenger Bag,Rated 4.6/5 from 56 Amazon shopper reviews.,https://m.media-amazon.com/images/I/81S-iCMjdJL._AC_SL1500_.jpg,79.95
LEABAGS Amsterdam genuine buffalo leather shoulder bag I Vintage look I Fits a 13 inch laptop I Small messenger bag,Rated 4.4/5 from 286 Amazon shopper reviews.,https://m.media-amazon.com/images/I/81TYD3FXVNL._AC_UL1500_.jpg,79.95
"Samsonite Classic 2.0, Black, 17"" 2 Compartment Briefcase",Rated 3.7/5 from 7 Amazon shopper reviews.,https://m.media-amazon.com/images/I/91DpDyoI55L._AC_SL1500_.jpg,79.68
"David King & Co. Vertical Simple Distressed Leather Messenger Bag, Black, One Size",Rated 3.9/5 from 8 Amazon shopper reviews.,https://m.media-amazon.com/images/I/81kRVY4ZAuS._AC_SL1500_.jpg,79.59
Skull Concho Mens Vintage Biker Carved Leather Bifold Long Wallet Purse w/Chain,Rated 3.5/5 from 11 Amazon shopper reviews.,https://m.media-amazon.com/images/I/713tEFUJbuL._AC_UL1500_.jpg,79.00
Full Grain Leather Sling Bag for Men Small Tablet Backpack Fits 10 Inch Tablet Mini Hiking Crossbody Shoulder Chest Bags,Rated 4.3/5 from 44 Amazon shopper reviews.,https://m.media-amazon.com/images/I/71XXIO1Ou0L._AC_UL1500_.jpg,79.00
"LAORENTOU Men's Genuine Leather Shoulder Bag, Business Crossbody Bag for Men Messenger Bags Leather Purse Men's Side Bags",Rated 4.5/5 from 453 Amazon shopper reviews.,https://m.media-amazon.com/images/I/71lfEJlnrkL._AC_UL1000_.jpg,78.63
Incase City Brief Messenger Bag for 13-Inch MacBook Pro - Black,Rated 4.4/5 from 55 Amazon shopper reviews.,https://m.media-amazon.com/images/I/61z4Dfud-lL._AC_UL1000_.jpg,77.99
Sharo Leather Bags Peace Messenger Bag (Black),Rated 1/5 from 1 Amazon shopper reviews.,https://m.media-amazon.com/images/I/71XH7Ab0AUL._AC_UL1001_.jpg,76.99
"Case Logic TSA Briefcase, Black, 15.6""",Rated 5/5 from 1 Amazon shopper reviews.,https://m.media-amazon.com/images/I/A1uYWRDTqRL._AC_UL1500_.jpg,76.88
"10""Vintage Men's Crazy Horse Leather Large capacity Sling Bag Switch Backpack Casual shoulder bag crossbody bag (Dark brown)",Rated 4.3/5 from 6 Amazon shopper reviews.,https://m.media-amazon.com/images/I/61exV4LHPKL._AC_SL1001_.jpg,76.85
"David King & Co. Small Vertical Messenger Bag, Cafe, One Size",Rated 4.2/5 from 31 Amazon shopper reviews.,https://m.media-amazon.com/images/I/91DFyQj1+wL._AC_SL1500_.jpg,76.58
"Visconti Hulk Full Flap Business Twin Compartment Briefcase, Tan, One Size",Rated 4.6/5 from 10 Amazon shopper reviews.,https://m.media-amazon.com/images/I/71Mv0H8hNhL._AC_SL1129_.jpg,75.15
Loungefly x X-Men Dark Phoenix Suit Purse,Rated 4.9/5 from 13 Amazon shopper reviews.,https://m.media-amazon.com/images/I/71otl-kASUL._AC_UL1279_.jpg,75.00
"RUDRA AGRO ENTERPRISES Luxurious and Lightweight Briefcase, Messenger Bag, Brown Office Leather Bag, laptop bag",Rated 4/5 from 1 Amazon shopper reviews.,https://m.media-amazon.com/images/I/419ovwnu1YL._AC_.jpg,74.99
LederleiterUSA Men's Leather Chest Bag Sling Crossbody Shoulder Bag Backpack Outdoor Bag for men,Rated 3.2/5 from 7 Amazon shopper reviews.,https://m.media-amazon.com/images/I/61XmCFt962L._AC_SL1001_.jpg,74.99
"Vintage Retro Buffalo Leather Briefcase (16"")",Rated 3.7/5 from 12 Amazon shopper reviews.,https://m.media-amazon.com/images/I/91fiwnYVXxL._AC_SL1500_.jpg,74.00
"David King & Co. Large Male Bag, Black, One Size",Rated 4.6/5 from 10 Amazon shopper reviews.,https://m.media-amazon.com/images/I/91MBbmb+oHL._AC_SL1500_.jpg,73.76
"EURYNOME Small Leather Messenger Bag for Men, Full Grain Leather Flap Over Zipper Waist Bag, Gift for Men",Rated 4.6/5 from 28 Amazon shopper reviews.,https://m.media-amazon.com/images/I/71FfzeozC9L._AC_UL1490_.jpg,72.99
"LEABAGS Leather Messenger Bag for Men - Genuine Buffalo Leather Miami Laptop 15"" - Handbag Shoulder Bag Vintage Office bag",Rated 4/5 from 415 Amazon shopper reviews.,https://m.media-amazon.com/images/I/912Svjnz6pL._AC_UL1500_.jpg,71.95
"Fox Outdoor Products Classic Euro Style Messenger Bag, Vintage Brown",Rated 5/5 from 1 Amazon shopper reviews.,https://m.media-amazon.com/images/I/41GjHtdOuIL._AC_.jpg,71.76
Locking Briefcase Style Courier Bag (Yale Blue (Navy)),Rated 1/5 from 1 Amazon shopper reviews.,https://m.media-amazon.com/images/I/610-IAhKgvL._AC_SL1068_.jpg,71.12
CHALA GEMINI Crossbody Faux Leather Gift Messenger Bag with Double Zip Wallet,Rated 4.7/5 from 47 Amazon shopper reviews.,https://m.media-amazon.com/images/I/917F4Lx1h5L._AC_UL1500_.jpg,71.00
"Thorn Shoulder Messenger Bag For Dell Inspiron, XPS, Alienware, 17.3 inch Laptops PC",Rated 5/5 from 2 Amazon shopper reviews.,https://m.media-amazon.com/images/I/91nQVBIMHUL._AC_UL1500_.jpg,70.98
"Heritage Travelware Vinyl Single Compartment 17.3” Laptop Case with Secure Combination Lock Briefcase, Black, One Size",Rated 4.5/5 from 998 Amazon shopper reviews.,https://m.media-amazon.com/images/I/61-S6OfUsnL._AC_SL1001_.jpg,70.59
Loungefly Marvel Iron Man 15th Anniversary Crossbody Bag,Rated 5/5 from 7 Amazon shopper reviews.,https://m.media-amazon.com/images/I/61tZrQpu8xL._AC_.jpg,70.00
Leather Messenger Bag| Leather Briefcase Bag| Leather Satchel Bag| Leather Crossbody Bag| Leather Computer Bag| Messenger Bag for Men| Briefcase Bag for Men| Leather Travel Bag| Laptop (18 Inch ND),Rated 3.8/5 from 91 Amazon shopper reviews.,https://m.media-amazon.com/images/I/91NbHD-Q9fL._AC_UL1500_.jpg,69.99
Colins Keirs Leather crossbody bag for men. Man purse with zipper and adjustable shoulder strap. Black Small,Rated 4.9/5 from 17 Amazon shopper reviews.,https://m.media-amazon.com/images/I/71JfuxIFqBL._AC_SL1500_.jpg,69.99
YFFUSHI Men's 3 Piece Suit Set Slim Fit One Button Solid Jacket Vest Pants with Suit Bags,Rated 4.3/5 from 59 Amazon shopper reviews.,https://m.media-amazon.com/images/I/61-7JBIhypL._AC_UL1200_.jpg,69.99
Kingsons EDC Tech Sling Bag for Men Waterproof Compact Crossbody Bag Chest Shoulder Backpack,Rated 5/5 from 4 Amazon shopper reviews.,https://m.media-amazon.com/images/I/51EHWTjIfML._AC_UL1500_.jpg,69.99
TIDING Men's Leather Waist Bag Large Capacity Vintage Fanny Pack Organizer,Rated 4.5/5 from 209 Amazon shopper reviews.,https://m.media-amazon.com/images/I/51aJ3KOYZGL._AC_.jpg,69.99
"28"" Mens Retro Style Carry on Luggage Flap Duffel Leather Duffel Bag",Rated 3.9/5 from 210 Amazon shopper reviews.,https://m.media-amazon.com/images/I/91BS2MWpz-L._AC_UL1500_.jpg,69.99
"NIID D1 Men Crossbody Sling bag Chest Pack Slim Underarm Armpit Shoulder Backpack Multipurpose Sleek Casual Daypack for Travel Hiking (Dark Gray, Right Hand)",Rated 4.5/5 from 19 Amazon shopper reviews.,https://m.media-amazon.com/images/I/616AWxS5ZGL._AC_SL1500_.jpg,69.99
LEABAGS Leather Briefcases for Men - Genuine Buffalo Leather Cambridge Laptop15 - Messenger Bag Vintage Work Shoulder Bag,Rated 4.5/5 from 668 Amazon shopper reviews.,https://m.media-amazon.com/images/I/91Vq0xUPwKL._AC_UL1500_.jpg,69.95
"Tacticalgeek Cache L1 Concealed Carry Bag for Men，Anti-Theft Waterproof Shoulder Backpack, EDC Sling Bag, Stealth Bag, Multi-functional Crossbody Bag(Right, Black red)",Rated 4.1/5 from 24 Amazon shopper reviews.,https://m.media-amazon.com/images/I/71utuaun4sL._AC_UL1500_.jpg,69.90
"WUDON Leather Backpack for Men, Waxed Canvas Shoulder Rucksack Carry-On Travel Backpack","Rated 4.6/5 from 2,959 Amazon shopper reviews.",https://m.media-amazon.com/images/I/71u+dpI-qxL._AC_UL1200_.jpg,69.67
"WUDON Men Travel Backpack, Genuine Leather-Waxed Canvas Shoulder Hiking Rucksack",Rated 4.4/5 from 591 Amazon shopper reviews.,https://m.media-amazon.com/images/I/71EmfqzEjOL._AC_UL1300_.jpg,69.67
"Jack&Chris Mens New PU Leather Attache Briefcase Traditional Messenger Lawyer Bag, MBYX015","Rated 4.7/5 from 1,006 Amazon shopper reviews.",https://m.media-amazon.com/images/I/81bO2mo5BLL._AC_UL1500_.jpg,69.00
"Manhattan Portage Neoprene Messenger Bag, Navy",Rated 2.9/5 from 2 Amazon shopper reviews.,https://m.media-amazon.com/images/I/91F2GDmkGGL._AC_SL1500_.jpg,69.00
FSD.WG]Business Bag Leather Briefcase Shoulder Laptop Business Bag for Men,Rated 4.4/5 from 222 Amazon shopper reviews.,https://m.media-amazon.com/images/I/81klwYcHN-L._AC_UL1500_.jpg,68.90
Guimiaray Vintage Men's Crazy Horse Leather Large Sling Bag capacity multifunction Chest Bag Casual Crossbody bag 0198,Rated 5/5 from 3 Amazon shopper reviews.,https://m.media-amazon.com/images/I/514XpcJ8XAL._AC_UL1001_.jpg,68.85
"HUMERPAUL Leather Messenger Bag for Men, Shoulder Crossbody Bag with Adjustable Straps for Work Business",Rated 4.3/5 from 90 Amazon shopper reviews.,https://m.media-amazon.com/images/I/81SVQvBskEL._AC_UL1500_.jpg,68.29
Skull Chain Wallet Long Leather Craft Bag With Metal Chain For Mens L69,Rated 3.9/5 from 66 Amazon shopper reviews.,https://m.media-amazon.com/images/I/71QNBzilnzL._AC_SL1500_.jpg,67.00
"Gothamite 50-inch Collapsible Duffle Bag Heavy Duty, Luggage Bag, Extra Large Duffle Bag, Sports Duffle Bag, Camping Bag, Boat Bag, Christmas Tree Storage Bag, Travel Duffle Bag for Men, Military Bag",Rated 4.3/5 from 272 Amazon shopper reviews.,https://m.media-amazon.com/images/I/61DwZOFTyaL._AC_UL1500_.jpg,66.99
Herschel Mens Dawsons Light Backpack,Rated 3.8/5 from 7 Amazon shopper reviews.,https://m.media-amazon.com/images/I/713vvZk7skL._AC_UL1500_.jpg,66.90
"2(X) ist Men's Nylon Weekender Bag, Black Solid, One Size",Rated 4.3/5 from 2 Amazon shopper reviews.,https://m.media-amazon.com/images/I/A1290xnB+8L._AC_SL1500_.jpg,66.02
Meigardass Leather Small Messenger Bag for men Shoulder Bag Phone Pouch Purse,Rated 4.3/5 from 17 Amazon shopper reviews.,https://m.media-amazon.com/images/I/61CKP+VD1CL._AC_UL1002_.jpg,66.00
"CECKQUE 105l Military Duffle Bag Large Size, Extra Large Deployment Army Tactical Duffle Bag For Men, Heavy Duty Duffle Bag For Travel Hunting Camping Storage",Rated 4.6/5 from 64 Amazon shopper reviews.,https://m.media-amazon.com/images/I/814+fNKX1aL._AC_UL1500_.jpg,65.99
Amerileather Front Flap Messenger Bag (Dark Brown),Rated 4.2/5 from 7 Amazon shopper reviews.,https://m.media-amazon.com/images/I/71bgqVhxhOL._AC_SL1001_.jpg,65.04
"Element Men's Mohave Backpack - Lightweight -School Bookbag -With Skate Straps, Black Red",Rated 4.7/5 from 52 Amazon shopper reviews.,https://m.media-amazon.com/images/I/91r2tFE2YHL._AC_SL1500_.jpg,65.00
C-ZOFEK TF 2 Jeremy Suit Mens Cosplay Costume with Bag,Rated 4.5/5 from 23 Amazon shopper reviews.,https://m.media-amazon.com/images/I/61Wdq+1wYFL._AC_UL1500_.jpg,64.99
28 Inch Mens Retro Style Carry on Luggage Flap Duffel Leather Duffel Bag,Rated 4.2/5 from 88 Amazon shopper reviews.,https://m.media-amazon.com/images/I/51xIlQ-mtAL._AC_.jpg,64.99
"Cuero 20"" Mens Retro Style Carry on Luggage Flap Duffel Leather Duffel Bag",Rated 4.4/5 from 68 Amazon shopper reviews.,https://m.media-amazon.com/images/I/81n2wQp9mvL._AC_SL1500_.jpg,64.99
"5.11 Rush Delivery Mike Tactical Messenger Bag, Small, Style 56176, Black",Rated 4.6/5 from 167 Amazon shopper reviews.,https://m.media-amazon.com/images/I/81hXa7vp-OL._AC_UL1500_.jpg,64.41
Unisex-Old Howard Rugged Canvas messenger bag / Cross Body Bag.,Rated 4.4/5 from 46 Amazon shopper reviews.,https://m.media-amazon.com/images/I/41gZn-Jl5OL._AC_UL1000_.jpg,64.34
Satchel And Fable 16 inch Leather Laptop Backpack For Men Vintage Shoulder Rucksack Hiking Travel College Daypack Handmade Bag,Rated 4.1/5 from 38 Amazon shopper reviews.,https://m.media-amazon.com/images/I/71vFiHuM34L._AC_SL1500_.jpg,64.00
"RAVUO Messenger Bag for Men,Water Resistant Canvas Satchel 14 15.6 17 Inch Laptop Briefcases Business Shoulder Bag","Rated 4.7/5 from 4,842 Amazon shopper reviews.",https://m.media-amazon.com/images/I/81kvef6JmZL._AC_UL1200_.jpg,63.99
New Mens Genuine Large Leather Duffel Travel Gym Sports Overnight Weekender Bag By Gbag (T),Rated 4.2/5 from 104 Amazon shopper reviews.,https://m.media-amazon.com/images/I/819Lnrwm-tL._AC_SL1500_.jpg,63.99
"Volcom Men's Academy Backpack, Black, One Size",Rated 4.2/5 from 56 Amazon shopper reviews.,https://m.media-amazon.com/images/I/811me4AtoXL._AC_SL1500_.jpg,63.00
URBAN LEATHER Laptop Shoulder Messenger Bag - Vintage Brown Handmade Satchel Briefcase Bag for Men,Rated 4.4/5 from 449 Amazon shopper reviews.,https://m.media-amazon.com/images/I/81j0gpISR+S._AC_SL1500_.jpg,62.99
Augus Leather Messenger Shoulder Crossbody Bag for Men Work Business Vintage Magnetic Buckle Big Capacity Adjustable straps,Rated 4.4/5 from 303 Amazon shopper reviews.,https://m.media-amazon.com/images/I/81vgGrNym1S._AC_UL1300_.jpg,62.53
Myra Bag Simplistic Upcycled Canvas & Cowhide Messenger Bag S-1432,Rated 4.9/5 from 9 Amazon shopper reviews.,https://m.media-amazon.com/images/I/61WZl6MhEDL._AC_SL1000_.jpg,62.46
"Rapid Dominance Classic Military Messenger Bag (19 inch, 2 Pack - Black and Olive)",Rated 5/5 from 2 Amazon shopper reviews.,https://m.media-amazon.com/images/I/81tmVAeOArL._AC_UL1500_.jpg,61.99
Briefcase Style Locking Document Bag (Royal Blue),Rated 4.2/5 from 62 Amazon shopper reviews.,https://m.media-amazon.com/images/I/71CJdpRyOCL._AC_SL1500_.jpg,61.99
"The Coop Evil Knievel Jumpsuit Messenger Bag, Not Machine Specific",Rated 5/5 from 8 Amazon shopper reviews.,https://m.media-amazon.com/images/I/810Ru+zsFGL._SL1500_.jpg,59.99
Henmifyer Leather Messenger Sling Crossbody Shoulder Bag for Men Travel Work Business Magnetic Buckle Adjustable straps,Rated 4.1/5 from 348 Amazon shopper reviews.,https://m.media-amazon.com/images/I/81Tj8Jzp4LL._AC_UL1500_.jpg,59.99
Rothco Vintage Canvas B-15 Pilot Messenger Bag Crossbody Shoulder Bag,Rated 4.2/5 from 27 Amazon shopper reviews.,https://m.media-amazon.com/images/I/61EOUT0Y8QL._AC_UL1200_.jpg,59.99
Leather Briefcase Messenger Bag for Men | Leather Laptop Computer Messenger Briefcase Bag for Men,Rated 3.7/5 from 2 Amazon shopper reviews.,https://m.media-amazon.com/images/I/91TgTKfTCeL._AC_UL1500_.jpg,59.99
BioShock Infinite Booker Messenger Bag,Rated 4.3/5 from 66 Amazon shopper reviews.,https://m.media-amazon.com/images/I/91Yg4XtV4LL._SL1500_.jpg,59.99
"Nepest 90L Large Gym Duffle Bag for Men Travel Weekender Duffel Backpack Bags with Detachable Back Pack Straps for Traveling Overnight Camping Climb Sports, Heavy Duty and Water Resistant (Grey)",Rated 4.5/5 from 84 Amazon shopper reviews.,https://m.media-amazon.com/images/I/71DtYBXyLZL._AC_SL1500_.jpg,59.99
"Leathario Men's Leather Sling Bag Genuine Leather Crossbody Chest Shoulder Bag for Men Brown,for Work Casual Travel",Rated 4.4/5 from 540 Amazon shopper reviews.,https://m.media-amazon.com/images/I/615H7bCJJ1L._AC_SL1200_.jpg,59.99
"Superdry Academic Mens Backpacks Size OS, Color: Grey",Rated 4.8/5 from 27 Amazon shopper reviews.,https://m.media-amazon.com/images/I/715JQufM6eL._AC_SL1200_.jpg,59.95
Best Guimiaray vintage Men's real Leather chest bag Business Casual Outdoor Sling Bag (Style 1 - Crazy Horse Leather Brown),Rated 3.7/5 from 12 Amazon shopper reviews.,https://m.media-amazon.com/images/I/51WRyW6dZpL._AC_SL1001_.jpg,59.95
CHALA GEMINI Crossbody Canvas Gift Messenger Bag Burgundy - Clef,Rated 3/5 from 4 Amazon shopper reviews.,https://m.media-amazon.com/images/I/71q9bgNIY0L._AC_UL1005_.jpg,59.40
CHALA GEMINI Crossbody Canvas Gift Messenger Bag Burgundy Sunflower,Rated 4.2/5 from 3 Amazon shopper reviews.,https://m.media-amazon.com/images/I/61jYJpmBg7L._AC_UL1005_.jpg,59.39
"Manhattan Portage Messenger Bag Midnight, Black, One Size",Rated 2.8/5 from 5 Amazon shopper reviews.,https://m.media-amazon.com/images/I/61Rn6zb6AIL._AC_SL1000_.jpg,59.00
LEADERACHI Handmade Crossover Shoulder Messenger Bag For Men | Hunter Buffalo Leather For Upto 13 Inch Laptop/Tablet.,Rated 4.5/5 from 554 Amazon shopper reviews.,https://m.media-amazon.com/images/I/616mwYP5FML._AC_UL1500_.jpg,59.00
JUMPMAN Nike Air Jordan Mens Diamond Backpack,Rated 4.5/5 from 48 Amazon shopper reviews.,https://m.media-amazon.com/images/I/51bMz4-8P8L._AC_SL1000_.jpg,59.00
BALIDIYA Men Clutch Bag Purse Leather Wallets Wristlet Handbag Business Zipper,Rated 4.6/5 from 20 Amazon shopper reviews.,https://m.media-amazon.com/images/I/918uU4xp0lL._AC_SL1500_.jpg,58.99
NIUCUNZH Genuine Leather Mens Clutch Bag Man Purse Handbag 12 inches Large Hand Bag Big Clutch Wallet,Rated 4.5/5 from 115 Amazon shopper reviews.,https://m.media-amazon.com/images/I/71u4KZ4Dw7L._AC_UL1500_.jpg,58.99
"NPUSA Mens Large 30"" Inch TAN Duffel Duffle Military Molle Tactical Cargo Gear Shoulder Bag",Rated 4.5/5 from 199 Amazon shopper reviews.,https://m.media-amazon.com/images/I/61LD74jTdhL._AC_SL1000_.jpg,58.98
Mens Vintage Motorcycle Biker Card Money Leahter Wallet Purse W/Chain,Rated 2.8/5 from 9 Amazon shopper reviews.,https://m.media-amazon.com/images/I/712bNGVUdnL._AC_UL1500_.jpg,58.00
miccostumes Men's Cosplay Costume with Bag Gloves Eyepatch,Rated 4.5/5 from 215 Amazon shopper reviews.,https://m.media-amazon.com/images/I/51eKk2iLrzS._AC_UL1000_.jpg,57.99
"VASCHY Messenger Bag for Men, Vintage Leather Tweed Canvas Satchel 15.6inch Laptop Business Briefcase Crossbody Shoulder Bag with Detachable Strap Gray",Rated 4.6/5 from 675 Amazon shopper reviews.,https://m.media-amazon.com/images/I/71e9xgnJWDS._AC_SL1300_.jpg,57.89
Leparvi Sling Bag For Men Backpack Purse Canvas Fashion Rucksack Unbalance One Strap Cross body Messenger Bag,Rated 4.7/5 from 34 Amazon shopper reviews.,https://m.media-amazon.com/images/I/61l0YNVizmL._AC_UL1100_.jpg,57.64
Travelon Anti-Theft Classic Messenger Bag (A B/W SMALL FLOWER PRINT),Rated 4.6/5 from 72 Amazon shopper reviews.,https://m.media-amazon.com/images/I/81hHnYSdfxL._AC_SL1500_.jpg,56.99
Balidiya Men Clutch Bags Genuine Leather Purse Wallet Large Capacity Business Card Organizer Purse…,Rated 4.2/5 from 95 Amazon shopper reviews.,https://m.media-amazon.com/images/I/91bIDpJf3LL._AC_UL1500_.jpg,56.99
Sparklekle Sports Gym Backpack 70L Large Travel Duffel Bag for Men Convertible Multi-Functional Backpack for Camping (Black),Rated 4.5/5 from 84 Amazon shopper reviews.,https://m.media-amazon.com/images/I/51X-Zy8rRoL._AC_SL1500_.jpg,56.99
Mens Clutch Bag CONTACT'S Leather Clutch Wallet Brown Wristlet Handbag Travel Card Holder Phone Purse,Rated 4.8/5 from 17 Amazon shopper reviews.,https://m.media-amazon.com/images/I/61jQ2h6rzzL._AC_UL1200_.jpg,56.99
Herschel Grade Messenger Bag,Rated 4.4/5 from 232 Amazon shopper reviews.,https://m.media-amazon.com/images/I/91LpkAwc++L._AC_UL1500_.jpg,56.55
Myra Bag Roan Upcycled Canvas & Cowhide Leather Messenger Bag S-1207,Rated 4/5 from 29 Amazon shopper reviews.,https://m.media-amazon.com/images/I/61eO3sTz6hL._AC_SL1000_.jpg,56.36
Myra Bag Classic Upcycled Canvas & Leather Messenger Bag S-1228,Rated 4/5 from 7 Amazon shopper reviews.,https://m.media-amazon.com/images/I/61q7Z+4czpL._AC_SL1000_.jpg,56.35
"Leather Men Clutch Purse Bag, Mens Business Code Lock Wallet Anti Theft Clutch Purse Phone Holder Handbag Travel Bag",Rated 4.7/5 from 211 Amazon shopper reviews.,https://m.media-amazon.com/images/I/71Ctozu+TcL._AC_SL1500_.jpg,56.00
"Hiram Messenger Bag for Men, Crazy Horse Cowhide Leather Crossbody Shoulder Bag",Rated 4.5/5 from 146 Amazon shopper reviews.,https://m.media-amazon.com/images/I/617PotSWvCL._AC_UL1200_.jpg,55.99
Bioworld Legend of Zelda Messenger Bag Standard Black,Rated 4.7/5 from 506 Amazon shopper reviews.,https://m.media-amazon.com/images/I/71VkFLfoZ6L._AC_SL1500_.jpg,55.99
"Ducti Messenger Bags - Durable, Stylish Bags for Life (Bunker)",Rated 4.4/5 from 2 Amazon shopper reviews.,https://m.media-amazon.com/images/I/81jkphjYz7L._AC_UL1500_.jpg,55.00
"Ducti Messenger Bags - Durable, Stylish Bags for Life (Original Utility)",Rated 4/5 from 7 Amazon shopper reviews.,https://m.media-amazon.com/images/I/81Igs+9gwDL._AC_UL1200_.jpg,55.00
"Ducti Messenger Bags - Durable, Stylish Bags for Life (High Voltage Utility)",Rated 4.8/5 from 12 Amazon shopper reviews.,https://m.media-amazon.com/images/I/81mqB+7wzKL._AC_SL1500_.jpg,55.00
"13"" leather messenger bag Tablet compatible with ipad case office briefcase gift for men distressed shoulder bag",Rated 3.4/5 from 9 Amazon shopper reviews.,https://m.media-amazon.com/images/I/71RhV0xaWcL._AC_UL1500_.jpg,55.00
Jony Vintage Handmade Genuine Leather Brown Messenger Cross-body Shoulder bag for Men's,Rated 4.3/5 from 6 Amazon shopper reviews.,https://m.media-amazon.com/images/I/7169edTYtbL._AC_UL1500_.jpg,55.00
Manhattan Portage Midnight Mini NY Messenger Bag,Rated 4.3/5 from 2 Amazon shopper reviews.,https://m.media-amazon.com/images/I/81ybqWxvTSL._AC_UL1500_.jpg,55.00
"Visconti 02617 Mens Wrist Bag Carry- All Travel Clutch 9.5"" x 6""x 2"" (Brown)",Rated 4.5/5 from 2 Amazon shopper reviews.,https://m.media-amazon.com/images/I/61nG1LVSdaL._AC_UL1000_.jpg,54.99
"Under Armour Men's All Sport Backpack , (600) Red / / White , One Size Fits All",Rated 4.6/5 from 24 Amazon shopper reviews.,https://m.media-amazon.com/images/I/41LxRPSlvHL._AC_SL1000_.jpg,54.99
"Visconti 02617 Mens Wrist Bag Carry- All Travel Clutch 9.5"" x 6""x 2"" (Black)",Rated 3.8/5 from 8 Amazon shopper reviews.,https://m.media-amazon.com/images/I/71rXDFMIP8L._AC_UL1144_.jpg,54.99
Chala Deluxe Messenger Bag - 818,Rated 4.6/5 from 67 Amazon shopper reviews.,https://m.media-amazon.com/images/I/71-O7nFEuYL._AC_UL1100_.jpg,54.99
Classic Equine Messenger Bag in Bloom,Rated 5/5 from 2 Amazon shopper reviews.,https://m.media-amazon.com/images/I/81pyX2MI+sL._AC_UL1200_.jpg,54.99
"HEX Men's Tribute Duffel, Navy, One Size",Rated 4/5 from 2 Amazon shopper reviews.,https://m.media-amazon.com/images/I/91mpF5kIA4L._AC_SL1500_.jpg,54.99
"Vintage Leather Sling Bag, Comfortable Leather Strap, Mens Crossbody Shoulder Backpack Travel Hiking Pack",Rated 3.8/5 from 5 Amazon shopper reviews.,https://m.media-amazon.com/images/I/71umUwo8i9L._AC_UL1500_.jpg,54.99
Leathario men's crossbody bag Leather shoulder bag for men small messenger Retro PAD Bag Satchel Sling Travel Work,"Rated 4.4/5 from 1,138 Amazon shopper reviews.",https://m.media-amazon.com/images/I/61QGsP9YceL._AC_SL1001_.jpg,54.99
Chala GEMINI Crossbody Canvas Gift Messenger Bag Grey - Dog,Rated 2/5 from 1 Amazon shopper reviews.,https://m.media-amazon.com/images/I/71voGJpqsrL._AC_UL1005_.jpg,54.95
New!Mens Genuine Leather Biker Rocker Long Wallet Purse W/Skull Braided Chain,Rated 4.1/5 from 5 Amazon shopper reviews.,https://m.media-amazon.com/images/I/71Jm4wNswjL._AC_UL1500_.jpg,54.88
Chala LaZzy Cat Patch Canvas Cotton Messenger Bags with 6 Color Options (Denim),Rated 5/5 from 1 Amazon shopper reviews.,https://m.media-amazon.com/images/I/71hwYC7Xz9L._AC_UL1005_.jpg,54.00
Handoleatherco Vintage Leather Macbook Briefcase 2-in-1 Leather School Bag Backpack Rucksack,Rated 4/5 from 53 Amazon shopper reviews.,https://m.media-amazon.com/images/I/71U54uR6mYL._AC_SL1096_.jpg,54.00
CHALA GEMINI Crossbody Canvas Gift Messenger Bag Indigo,Rated 4.5/5 from 166 Amazon shopper reviews.,https://m.media-amazon.com/images/I/71Bhlcw9V3L._AC_UL1005_.jpg,54.00
Chala Safari Canvas Mid-Size Crossbody Messenger Bag,Rated 4.8/5 from 433 Amazon shopper reviews.,https://m.media-amazon.com/images/I/71murtOVepL._AC_UL1005_.jpg,54.00
Chala GEMINI Vegan Leather Crossbody Messenger Bag (Stone Grey_ Dog),Rated 5/5 from 2 Amazon shopper reviews.,https://m.media-amazon.com/images/I/71voGJpqsrL._AC_UL1005_.jpg,54.00
CHALA GEMINI Crossbody Canvas Gift Messenger Bag Brown,Rated 4.7/5 from 37 Amazon shopper reviews.,https://m.media-amazon.com/images/I/61gEHfMD8cL._AC_UL1005_.jpg,54.00
Denim Blue Patch Cross-body Messenger Bag (Denim -Bee),Rated 4.6/5 from 27 Amazon shopper reviews.,https://m.media-amazon.com/images/I/71T8qts2+qL._AC_SL1005_.jpg,54.00
CHALA GEMINI Crossbody Canvas Gift Messenger Bag Stone Grey,Rated 4.6/5 from 98 Amazon shopper reviews.,https://m.media-amazon.com/images/I/71MTr2gSwuL._AC_UL1005_.jpg,54.00
CHALA Patchwork Crossbody Canvas Messenger Bag with (Sea Turtle) keyfob,Rated 4.2/5 from 17 Amazon shopper reviews.,https://m.media-amazon.com/images/I/71tBvp9XfOL._AC_UL1000_.jpg,54.00
"Leather Garment Bag for Travel, Modoker Carry On Suit Carrier Travel Bag with Shoulder Strap/Multiple Pockets - Ideal for Business Trips & Weekend Getaways - The Garment Duffel Bag for Traveling Men",Rated 4.4/5 from 519 Amazon shopper reviews.,https://m.media-amazon.com/images/I/714it-FjjnL._AC_SL1500_.jpg,53.99
Augus Leather Messenger Crossbody Shoulder Bag for Men Work Business Casual Adjustable straps With YKK Metal Zipper,Rated 4.5/5 from 125 Amazon shopper reviews.,https://m.media-amazon.com/images/I/81IYg8sq1uL._AC_UL1500_.jpg,52.83
Rothco Canvas Briefcase Backpack,Rated 2.3/5 from 4 Amazon shopper reviews.,https://m.media-amazon.com/images/I/71sckm6CfEL._AC_UL1399_.jpg,51.99
"12"" leather messenger bag laptop case office briefcase gift for men computer distressed shoulder bag",Rated 3.7/5 from 82 Amazon shopper reviews.,https://m.media-amazon.com/images/I/71ydVfTAheL._AC_UL1193_.jpg,50.00
"RKH Men's 13"" Auth Real Leather Messenger Bags Laptop Briefcase Satchel Mens Bag",Rated 4.1/5 from 664 Amazon shopper reviews.,https://m.media-amazon.com/images/I/71mW-gEYofL._AC_UL1500_.jpg,50.00
First Lite Men's Wick Game Bag Brief,Rated 4.5/5 from 7 Amazon shopper reviews.,https://m.media-amazon.com/images/I/71nJ8smTWFL._AC_UL1500_.jpg,50.00
"13"" leather messenger bag laptop case office briefcase gift for men computer distressed shoulder bag",Rated 4.2/5 from 145 Amazon shopper reviews.,https://m.media-amazon.com/images/I/8123UIJGaLL._AC_UL1500_.jpg,50.00
"Mens Vintage Genuine Leather Messenger Bag Waterproof Canvas 15.6"" Laptop Bag Briefcase Case",Rated 4.6/5 from 5 Amazon shopper reviews.,https://m.media-amazon.com/images/I/71XHZwI629L._AC_UL1300_.jpg,49.99
Leather Laptop Messenger Bag for Men | 100% Genuine Leather Messenger Satchel Briefcase Computer Laptop Bag for Men | Gifts for Father Husband Brother Son Friends Him | 18 Inch - Dark Brown,Rated 4.4/5 from 4 Amazon shopper reviews.,https://m.media-amazon.com/images/I/61yZkyl+LXS._AC_UL1500_.jpg,49.99
S-ZONE Duffle Bag for Travel 60L Canvas Duffel Bag Carry on Genuine Leather Overnight Weekender Bag for Men,"Rated 4.7/5 from 6,122 Amazon shopper reviews.",https://m.media-amazon.com/images/I/71n5p0+ZEKL._AC_UL1200_.jpg,49.99
Mens Wristlets Clutch Bag Genuine Leather Wallets Handbag Luxury Purses,Rated 4.3/5 from 54 Amazon shopper reviews.,https://m.media-amazon.com/images/I/5106olwUm9L._AC_UL1000_.jpg,49.99
Portable Aluminum Metal Frame Tool Boxes Home Storage Box Key Lock Device Cases Mens Briefcase(LB-420+B),Rated 3.9/5 from 15 Amazon shopper reviews.,https://m.media-amazon.com/images/I/61TDPVwjOnL._AC_SL1200_.jpg,49.99
Le'aokuu Men Fashion Casual Tea Designer Travel Hiking Crossbody Chest Sling Bag Rig One Shoulder Strap Bag Men Leather Backpack 8015 (Brown),Rated 4.5/5 from 154 Amazon shopper reviews.,https://m.media-amazon.com/images/I/71R8Xz7tZ+L._AC_SL1500_.jpg,49.99
Le'aokuu Men Outdoor Casual Travel Hiking Tea Crossbody Chest Sling Bag Rig One Shoulder Strap Bag Backpack Men Leather (8005 0 Brown),Rated 4.4/5 from 100 Amazon shopper reviews.,https://m.media-amazon.com/images/I/71Zan8l1ekL._AC_SL1500_.jpg,49.99
Doctor Who TARDIS Laptop Bag - Unisex Messenger Bag Official BBC Merchandise,Rated 4.8/5 from 210 Amazon shopper reviews.,https://m.media-amazon.com/images/I/71Cr3k7h8oL._AC_UL1500_.jpg,49.99
"Real Leather Crossbody Bag for Men, Handmade Purse Cross body Sling Shoulder Bags, Adjustable Strap Rustic Unisex",Rated 4.2/5 from 156 Amazon shopper reviews.,https://m.media-amazon.com/images/I/91J+vlSVtSL._AC_UL1500_.jpg,49.99
Lost Queen Pentagram Black Alternative Gothic Messenger Bag,Rated 4.5/5 from 33 Amazon shopper reviews.,https://m.media-amazon.com/images/I/71c0sxCO3WL._AC_UL1500_.jpg,49.99
JUMO CYLY Men's Leather Sling Bag Bundle with Anti-Theft Sling Backpack,Rated 4.4/5 from 4 Amazon shopper reviews.,https://m.media-amazon.com/images/I/519q--+yunL._AC_UL1001_.jpg,49.98
NIID Sling Bags Mens Lightweight Crossbody Chest Casual Daypack Anti-theft Water Resistant Shoulder Backpack,Rated 4.7/5 from 89 Amazon shopper reviews.,https://m.media-amazon.com/images/I/61JdZNtgDqL._AC_UL1500_.jpg,49.97
Myra Bag Snowy Fusion Upcycled Canvas & Cowhide Messenger Bag S-1485,Rated 3.5/5 from 14 Amazon shopper reviews.,https://m.media-amazon.com/images/I/61cjCmI16AL._AC_SL1000_.jpg,49.96
Deluxe Sunglass Briefcase Covered Display Case 32 Pair Eyewear Sunglasses Holder,Rated 4.4/5 from 13 Amazon shopper reviews.,https://m.media-amazon.com/images/I/61DTVR+67kL._AC_UL1000_.jpg,49.95
Eurosport Canvas Messenger Bag B420 Multi Pockets Adjustable Strap,Rated 4.7/5 from 23 Amazon shopper reviews.,https://m.media-amazon.com/images/I/71BxHtjTTML._AC_UL1024_.jpg,49.95
"LEABAGS Leather Messenger Bag - Genuine Buffalo Leather up to 13"" Laptop Bag - Shoulder Bag Crossbody Briefcase Work Vintage","Rated 4.4/5 from 2,466 Amazon shopper reviews.",https://m.media-amazon.com/images/I/51NalPknGML._AC_.jpg,49.95
totes Mens Stadium,Rated 4.5/5 from 627 Amazon shopper reviews.,https://m.media-amazon.com/images/I/51uON6fE-zL._AC_UL1100_.jpg,49.90
Myra Bag Ace Upcycled Canvas & Cowhide Messenger Bag S-1476,Rated 4.7/5 from 53 Amazon shopper reviews.,https://m.media-amazon.com/images/I/61d6KrcrjjL._AC_SL1000_.jpg,49.55
Manhattan Portage Downtown Vintage Messenger Bag (SM) made with Cordura® High Performance Polyester (Aruba Blue),Rated 5/5 from 2 Amazon shopper reviews.,https://m.media-amazon.com/images/I/81jdAiLhpFL._AC_SL1500_.jpg,49.00
MFCT Men's Techwear Backpack Japanese Bag,Rated 4.3/5 from 88 Amazon shopper reviews.,https://m.media-amazon.com/images/I/71Bn8SwvcUL._AC_SL1500_.jpg,49.00
"Contacts Genuine Leather Messenger Bag for Men Crossbody Shoulder Bag 7.9"" iPad College School Travel Handbag",Rated 4.3/5 from 57 Amazon shopper reviews.,https://m.media-amazon.com/images/I/81yvUER1P0L._AC_UL1500_.jpg,49.00
Balidiya Leather Men Clutch Bag Long Wallet Purse Card Holder Case Business Large Clutch with Double Zip Handbag,Rated 4.4/5 from 218 Amazon shopper reviews.,https://m.media-amazon.com/images/I/81lNSdb3sIL._AC_UL1500_.jpg,48.99
TOPWOLFS Waterproof Waxed Canvas Backpack for Men Travel Rucksack Leather Trimming (Green) One_Size,Rated 4.5/5 from 524 Amazon shopper reviews.,https://m.media-amazon.com/images/I/71iCEauuSSL._AC_SL1500_.jpg,48.99
"Leather Travel Duffel Bags For Men Chao Ran Black Laptop Backpack Waterproof Airplane Carry On Bags For Business 3 Usage As Handbag, A Shoulder Bag And Backpack",Rated 3.9/5 from 8 Amazon shopper reviews.,https://m.media-amazon.com/images/I/61HVqYWfUOL._AC_SL1500_.jpg,48.85
Brand Tow Snap Button Black Mens Leather Wallet Purse With Chain,Rated 2.3/5 from 2 Amazon shopper reviews.,https://m.media-amazon.com/images/I/713B8xggeTL._AC_UL1500_.jpg,48.00
Sechunk Vintage Military Leather Canvas Laptop Bag Messenger Bags Medium,"Rated 4.5/5 from 6,280 Amazon shopper reviews.",https://m.media-amazon.com/images/I/61hIQT15tKL._AC_UL1024_.jpg,47.99
Scott Pilgrim vs. World Ramona Flowers Star Circle Cosplay Costume Messenger Bag,Rated 4.7/5 from 118 Amazon shopper reviews.,https://m.media-amazon.com/images/I/51aGPpXVCVL._AC_UL1001_.jpg,47.99
Travel Duffel Bag Waterproof Duffle Bags for Men Oversized Genuine Leather Carryon Weekend bag Canvas Overnight Bag Brown,Rated 4.7/5 from 721 Amazon shopper reviews.,https://m.media-amazon.com/images/I/71xkD6pv+FL._AC_SL1100_.jpg,47.99
"Cocoon MMB2704BK Urban Adventure 16"" Messenger Bag (Black)",Rated 4.4/5 from 33 Amazon shopper reviews.,https://m.media-amazon.com/images/I/91j9ZKmqORL._AC_SL1500_.jpg,47.24
"11"" leather messenger bag laptop case office briefcase gift for men computer distressed shoulder bag",Rated 3.9/5 from 30 Amazon shopper reviews.,https://m.media-amazon.com/images/I/91+1hgMogAL._AC_UL1500_.jpg,47.00
"15"" leather messenger bag laptop case office briefcase gift for men computer distressed shoulder bag",Rated 4.1/5 from 488 Amazon shopper reviews.,https://m.media-amazon.com/images/I/81pKfMDBWnL._AC_UL1500_.jpg,47.00
Men's Travel Duffel Bag CHENFANS Leather Large Capacity Weekend Luggage Tote Bag - Versatile Carry Large Travel Tote for Gym Vacations,Rated 4.5/5 from 68 Amazon shopper reviews.,https://m.media-amazon.com/images/I/81UTgnGWNCL._AC_SL1500_.jpg,46.88
Myra Bag Retro Vintage Upcycled Canvas Messenger Bag S-1133,Rated 4.2/5 from 38 Amazon shopper reviews.,https://m.media-amazon.com/images/I/91c-R45RVCL._AC_UL1500_.jpg,46.59
Leather Clutch Wallets Business Large Clutch Bag for Men with Double Zipper (Blue),Rated 4.4/5 from 8 Amazon shopper reviews.,https://m.media-amazon.com/images/I/71fhK1YK2jL._AC_SL1500_.jpg,46.00
XINCADA Sling Bag Small Backpack Crossbody Bags for Men Chest Pack Man Purse Shoulder Messenger Bags,Rated 4.4/5 from 775 Amazon shopper reviews.,https://m.media-amazon.com/images/I/61VClhc7B-L._AC_UL1200_.jpg,45.99
Expandable Design Travel Duffel Bag Large Weekend Shoulder Handbag Mens Overnight Bag Gym Bag Carry-on (BLACK),Rated 4.6/5 from 53 Amazon shopper reviews.,https://m.media-amazon.com/images/I/81489s3LiDS._AC_SL1375_.jpg,45.99
WilliamPOLO Men’s Genuine Leather Clutch Bag Handbag Business Organizer Wallets,Rated 4/5 from 39 Amazon shopper reviews.,https://m.media-amazon.com/images/I/81oU4dlCM9L._AC_UL1500_.jpg,45.99
Hebetag Small Leather Shoulder Bag Crossbody Pack for Men Outdoor Travel Business,Rated 4.3/5 from 366 Amazon shopper reviews.,https://m.media-amazon.com/images/I/61qcsl1fxyL._AC_UL1010_.jpg,45.89
Myra Bags Le Chatelard Canvas Messenger Bag S-0966,Rated 4.2/5 from 77 Amazon shopper reviews.,https://m.media-amazon.com/images/I/619N1xiYg3L._AC_UL1000_.jpg,45.79
"David King & Co. Messenger Bag, Cafe, One Size",Rated 3.3/5 from 4 Amazon shopper reviews.,https://m.media-amazon.com/images/I/916n4caqVpL._AC_SL1500_.jpg,45.26
Adidas Men's Fest Essentials Crossbody Bag One Size Green Matte Black,Rated 4.7/5 from 5 Amazon shopper reviews.,https://m.media-amazon.com/images/I/519hGq7Us8L._AC_UL1286_.jpg,45.00
"Ban Stupid People Not Dogs Mens Pit Bull Hoodie, Keychain & Bag Multi-Pack Gift",Rated 4.9/5 from 15 Amazon shopper reviews.,https://m.media-amazon.com/images/I/51R28R0XI6L._AC_.jpg,45.00
Cowhide Leather Pattern Biker / Trucker Clutch Men Wallet / Purse Bifold With Safty Chain for Man In Brown / Horse with Flower Design [Cow Clutch_1087],Rated 3.3/5 from 4 Amazon shopper reviews.,https://m.media-amazon.com/images/I/71RfynUvD0L._AC_SL1200_.jpg,45.00
Plaid Mini NY Messenger Bag,Rated 5/5 from 1 Amazon shopper reviews.,https://m.media-amazon.com/images/I/71qjcxWACUS._AC_UL1000_.jpg,45.00
